-- phpMyAdmin SQL Dump
-- version 5.2.1
-- https://www.phpmyadmin.net/
--
-- Host: 127.0.0.1
-- Generation Time: Apr 16, 2024 at 02:17 PM
-- Server version: 10.4.32-MariaDB
-- PHP Version: 8.2.12

SET SQL_MODE = "NO_AUTO_VALUE_ON_ZERO";
START TRANSACTION;
SET time_zone = "+00:00";


/*!40101 SET @OLD_CHARACTER_SET_CLIENT=@@CHARACTER_SET_CLIENT */;
/*!40101 SET @OLD_CHARACTER_SET_RESULTS=@@CHARACTER_SET_RESULTS */;
/*!40101 SET @OLD_COLLATION_CONNECTION=@@COLLATION_CONNECTION */;
/*!40101 SET NAMES utf8mb4 */;

--
-- Database: `supermarket_deliveries`
--

DELIMITER $$
--
-- Procedures
--
CREATE DEFINER=`root`@`localhost` PROCEDURE `findOrders` (IN `firstname_in` VARCHAR(32), IN `lastname_in` VARCHAR(32))   BEGIN
SELECT CONCAT(c.firstname, " ",c.lastname) AS name,(it.price*oi.quantity) as amount_spent
FROM items it
INNER JOIN order_items oi
ON oi.item_id=it.item_id
INNER JOIN orders_for_delivery od
ON od.order_id=oi.order_item_id
INNER JOIN customers c
ON c.customer_id=od.customer_id
WHERE firstname LIKE CONCAT(`firstname_in`,'%') AND lastname LIKE CONCAT(`lastname_in`,'%')
GROUP BY name
ORDER BY name ASC;
END$$

CREATE DEFINER=`root`@`localhost` PROCEDURE `findPrice` (IN `lower` INT, IN `upper` INT, IN `category` VARCHAR(50))   BEGIN
SELECT it.item_name, it.price, ic.category_name
FROM items it
INNER JOIN item_categories ic
ON ic.category_id=it.category_id
WHERE it.price BETWEEN lower AND upper
AND ic.category_name LIKE CONCAT('%', category, '%')
ORDER BY price DESC;
END$$

CREATE DEFINER=`root`@`localhost` PROCEDURE `GetVAT` (IN `category` VARCHAR(50), IN `ordervar` VARCHAR(9))   BEGIN
SELECT ic.category_name, it.item_name, it.price, it.price*0.8 AS 'net amount', it.price*0.2 AS VAT
FROM items it
INNER JOIN item_categories ic
ON ic.category_id=it.category_id
WHERE ic.category_name LIKE CONCAT('%', category, '%')
ORDER BY CASE WHEN ordervar='item_name' THEN it.item_name END ASC,
CASE WHEN ordervar='price' THEN it.price END DESC;
END$$

DELIMITER ;

-- --------------------------------------------------------

--
-- Table structure for table `customers`
--

CREATE TABLE `customers` (
  `customer_id` int(11) NOT NULL,
  `firstname` varchar(32) NOT NULL,
  `lastname` varchar(32) NOT NULL,
  `postcode` varchar(8) NOT NULL,
  `date_of_birth` date NOT NULL,
  `tel_number` varchar(16) NOT NULL
) ENGINE=InnoDB DEFAULT CHARSET=utf8mb4 COLLATE=utf8mb4_general_ci;

--
-- Dumping data for table `customers`
--

INSERT INTO `customers` (`customer_id`, `firstname`, `lastname`, `postcode`, `date_of_birth`, `tel_number`) VALUES
(2, 'Jackson', 'Roberts', 'AB6 8BQ', '1945-12-08', '09559 475655'),
(3, 'Tamekah', 'Turner', 'AB6 7CM', '1952-08-16', '03535 190601'),
(4, 'Sawyer', 'Garcia', 'AB1 1FV', '1995-06-03', '02514 137854'),
(5, 'Ruby', 'Wise', 'AB7 7DL', '1997-01-22', '09821 684722'),
(6, 'Breanna', 'Ramsey', 'AB3 1UU', '1959-03-28', '08442 883492'),
(7, 'Shaeleigh', 'Mueller', 'AB4 8PI', '1981-06-19', '08576 945105'),
(8, 'Lucas', 'Parsons', 'AB4 7NO', '1990-12-27', '05459 793673'),
(9, 'Hall', 'Vance', 'AB2 2CH', '1954-10-08', '01749 934208'),
(10, 'Maris', 'Klein', 'AB6 3CG', '1969-12-07', '08378 846272'),
(11, 'Amal', 'Middleton', 'AB6 3QH', '1970-02-01', '08368 666516'),
(12, 'Jaime', 'Francis', 'AB7 6PU', '1971-10-09', '08762 766688'),
(13, 'Petra', 'Holden', 'AB1 2LK', '1991-08-31', '00466 862136'),
(14, 'Slade', 'Shelton', 'AB7 6HX', '1998-04-27', '06412 284353'),
(15, 'Trevor', 'Robles', 'AB1 2TB', '1968-09-01', '04883 226655'),
(16, 'Demetria', 'Blankenship', 'AB5 6YE', '1946-10-21', '01726 714643'),
(17, 'Lyle', 'Burke', 'AB4 7EF', '2000-03-11', '09356 583755'),
(18, 'Baker', 'Harvey', 'AB0 8LH', '1967-10-21', '03674 865653'),
(19, 'Noble', 'Giles', 'AB3 6HO', '1981-01-18', '08830 208784'),
(20, 'Berk', 'Ruiz', 'AB1 2JT', '1993-01-15', '07677 471297'),
(21, 'Jennifer', 'Espinoza', 'AB5 3HG', '1958-12-28', '03681 897350'),
(22, 'Fredericka', 'Thornton', 'AB4 9GD', '1968-04-02', '00919 765393'),
(23, 'Halla', 'Roman', 'AB2 7VR', '1965-03-14', '01841 902739'),
(24, 'Malachi', 'Herring', 'AB3 4EX', '1963-04-25', '04571 414282'),
(25, 'Urielle', 'Fitzpatrick', 'AB3 3NX', '1974-03-08', '05615 682804'),
(26, 'Rose', 'Morris', 'AB3 7RU', '1967-09-13', '01832 893127'),
(27, 'Ezekiel', 'Bond', 'AB4 5HF', '1971-07-03', '07647 291685'),
(28, 'Savannah', 'Wilcox', 'AB6 2IC', '1983-07-26', '00502 127642'),
(29, 'Kathleen', 'Charles', 'AB0 8BT', '1964-03-16', '00984 714639'),
(30, 'Sacha', 'Orr', 'AB5 7SI', '1948-07-27', '01460 807297'),
(31, 'Geoffrey', 'Zimmerman', 'AB1 4GT', '1980-05-27', '01557 411591'),
(32, 'Stuart', 'Nicholson', 'AB6 5NZ', '1977-06-02', '05593 836414'),
(33, 'Wesley', 'Vaughn', 'AB8 4SF', '1948-07-31', '03276 321286'),
(34, 'Nasim', 'Mcmahon', 'AB0 1TG', '1992-02-04', '09820 391234'),
(35, 'Ronan', 'King', 'AB8 7MY', '1964-01-30', '02513 282882'),
(36, 'Noelani', 'Love', 'AB7 6UC', '1979-03-10', '05544 694112'),
(37, 'Chastity', 'Whitney', 'AB2 4EB', '1993-11-27', '06035 168515'),
(38, 'Aline', 'Jenkins', 'AB1 9UI', '1962-04-01', '09663 883446'),
(39, 'Clinton', 'Hampton', 'AB3 9SV', '2004-07-22', '03488 378938'),
(40, 'Raja', 'Knight', 'AB6 2IX', '1952-09-30', '06857 493974'),
(41, 'Cyrus', 'Alston', 'AB1 1PC', '1981-05-08', '02874 666273'),
(42, 'Bruno', 'Williamson', 'AB3 7EO', '1948-11-09', '02312 119153'),
(43, 'Neville', 'Leon', 'AB3 8EB', '1955-07-24', '04748 858953'),
(44, 'Alana', 'Workman', 'AB5 2MJ', '1998-07-27', '02283 284671'),
(45, 'Candace', 'Herrera', 'AB6 7WB', '1959-06-25', '03689 548010'),
(46, 'Ainsley', 'Hutchinson', 'AB5 4NN', '1956-09-30', '02423 446793'),
(47, 'Tamara', 'Mckinney', 'AB4 9VY', '1958-11-09', '08275 515144'),
(48, 'Piper', 'Wise', 'AB7 1PD', '1979-01-01', '07639 548337'),
(49, 'Clio', 'Hobbs', 'AB5 2XM', '1955-10-07', '05589 724598'),
(50, 'India', 'Stewart', 'AB4 4YZ', '1976-09-06', '03408 366212'),
(51, 'Imelda', 'Espinoza', 'AB7 3IV', '1959-04-14', '09073 655974'),
(52, 'Tatyana', 'Ford', 'AB6 5DO', '2002-03-30', '06192 464063'),
(53, 'Carlos', 'Monroe', 'AB6 5PF', '1950-02-15', '05468 756163'),
(54, 'Geraldine', 'Luna', 'AB6 5YN', '1950-11-09', '03648 808632'),
(55, 'Burke', 'Parks', 'AB1 2IN', '1976-12-19', '06437 435312'),
(56, 'Orson', 'Mathis', 'AB5 0QY', '1987-11-17', '02817 162160'),
(57, 'Aaron', 'Albert', 'AB1 6EB', '1968-02-24', '05207 347432'),
(58, 'Flavia', 'Stuart', 'AB1 6BF', '1992-04-12', '06298 614584'),
(59, 'Carla', 'Richardson', 'AB5 4WH', '2002-01-01', '03384 720128'),
(60, 'Shay', 'Morrison', 'AB0 0DW', '1982-09-03', '07606 597405'),
(61, 'Jolene', 'Lindsay', 'AB7 0KL', '1987-03-03', '06294 695145'),
(62, 'Priscilla', 'Moody', 'AB6 8WX', '1994-10-27', '00218 210504'),
(63, 'Stephen', 'Mckenzie', 'AB4 0IQ', '1987-04-16', '09205 868759'),
(64, 'Ezra', 'Velazquez', 'AB0 9LB', '1987-05-12', '07236 086645'),
(65, 'Dorothy', 'Gilmore', 'AB6 4UD', '1959-12-09', '01582 788566'),
(66, 'Amelia', 'Durham', 'AB3 8RJ', '1965-03-12', '07685 386455'),
(67, 'Amela', 'Wood', 'AB1 1LN', '1952-06-24', '04875 817661'),
(68, 'Wyatt', 'Mckee', 'AB8 2VI', '1999-06-15', '00426 328258'),
(69, 'Craig', 'Lucas', 'AB1 0RK', '1975-12-13', '07362 030732'),
(70, 'Kasper', 'Russell', 'AB8 6XQ', '1995-12-29', '09638 044412'),
(71, 'Jolie', 'Hester', 'AB7 3LE', '1955-10-31', '02601 609435'),
(72, 'Clementine', 'Rush', 'AB2 2BT', '1963-10-11', '05474 888458'),
(73, 'Aurora', 'Ward', 'AB8 7DM', '1950-04-27', '08984 446766'),
(74, 'Kay', 'Rowe', 'AB7 6ET', '1974-02-01', '06163 484268'),
(75, 'Justine', 'Merritt', 'AB6 7BO', '1981-05-06', '07823 052721'),
(76, 'Quyn', 'Spencer', 'AB4 7EX', '1969-01-14', '05650 332223'),
(77, 'Kim', 'Bright', 'AB8 7BY', '1948-11-05', '09215 672387'),
(78, 'Moana', 'Williams', 'AB6 1DQ', '1972-09-21', '07543 417818'),
(79, 'Sydney', 'Mcclure', 'AB5 6GU', '1991-06-18', '02525 863747'),
(80, 'Galena', 'Bowman', 'AB5 5XF', '1949-12-09', '00537 566512'),
(81, 'Jocelyn', 'Heath', 'AB3 4XI', '2001-04-26', '06086 224592'),
(82, 'Neville', 'Williams', 'AB8 3YS', '1979-03-27', '02486 025900'),
(83, 'Rhona', 'Holmes', 'AB4 5VF', '2001-05-16', '06424 628311'),
(84, 'Imani', 'Pearson', 'AB5 8SS', '1999-09-29', '07584 586282'),
(85, 'Francesca', 'Rivera', 'AB7 0ZR', '1976-10-19', '01876 760257'),
(86, 'Deacon', 'Cooper', 'AB7 9DL', '1951-09-23', '08286 553769'),
(87, 'Colton', 'Walters', 'AB2 4RY', '1979-10-18', '02535 437407'),
(88, 'Mariam', 'Skinner', 'AB2 2MX', '1987-04-28', '05898 537294'),
(89, 'Regina', 'Barker', 'AB4 6HK', '1995-08-15', '08154 657723'),
(90, 'Hilel', 'Jimenez', 'AB4 6JO', '1948-02-21', '02658 764863'),
(91, 'Honorato', 'Hamilton', 'AB5 5IP', '1980-01-29', '04708 573265'),
(92, 'Rhea', 'Rowe', 'AB3 6NA', '1981-09-02', '08670 520374'),
(93, 'Myles', 'Young', 'AB1 7HT', '1992-01-04', '09191 231670'),
(94, 'Aurelia', 'Jacobs', 'AB9 2EF', '1958-01-04', '03565 026475'),
(95, 'Margaret', 'Weber', 'AB6 7EB', '1945-07-23', '00476 645773'),
(96, 'Erica', 'Haney', 'AB1 6EY', '1992-10-26', '07063 837985'),
(97, 'Judith', 'Jefferson', 'AB7 4GC', '1946-10-15', '00111 536172'),
(98, 'Shea', 'Schmidt', 'AB1 4DE', '1982-03-10', '05486 356882'),
(99, 'Tatiana', 'Barber', 'AB2 2WJ', '1985-11-18', '05821 674295'),
(100, 'Erich', 'Stanley', 'AB7 1JH', '1965-01-12', '03021 253960'),
(101, 'May', 'Foley', 'AB2 2VP', '1995-07-23', '01822 784287'),
(102, 'Brett', 'West', 'AB4 7ZE', '1978-02-03', '09223 514895'),
(103, 'Robin', 'Pace', 'AB2 5XJ', '1986-06-18', '04362 375482'),
(104, 'Branden', 'Barlow', 'AB9 2OM', '1984-03-12', '01513 877815'),
(105, 'Quyn', 'Colon', 'AB2 2FG', '1987-12-03', '01876 141828'),
(106, 'Hu', 'Martin', 'AB6 5EQ', '1965-01-23', '04554 867026'),
(107, 'Shay', 'Hayes', 'AB3 1FV', '1967-11-26', '01625 174778'),
(108, 'Rylee', 'Dawson', 'AB5 6TN', '1995-03-14', '03425 117704'),
(109, 'Darius', 'Kirby', 'AB4 4LJ', '1987-05-25', '05592 512441'),
(110, 'Magee', 'Strong', 'AB3 0UA', '1996-10-28', '07432 530455'),
(111, 'Joshua', 'Kidd', 'AB6 1YN', '1951-05-16', '04474 944851'),
(112, 'Aquila', 'Gaines', 'AB8 6IV', '1957-06-15', '07416 391859'),
(113, 'Jordan', 'Frazier', 'AB5 4DY', '1983-05-18', '04685 719144'),
(114, 'Quin', 'Mathis', 'AB8 3LQ', '1983-08-12', '02574 696401'),
(115, 'Fritz', 'Pittman', 'AB6 6XG', '1976-10-15', '04113 523547'),
(116, 'Calvin', 'Velazquez', 'AB5 6KQ', '1980-07-09', '07787 944867'),
(117, 'Meredith', 'Knox', 'AB4 9GD', '1984-06-07', '07944 146825'),
(118, 'Alma', 'Small', 'AB5 4GQ', '1954-08-13', '02516 723177'),
(119, 'Peter', 'Cunningham', 'AB7 3MX', '1952-04-30', '08487 352626'),
(120, 'Dominic', 'Hester', 'AB6 2BT', '1991-02-21', '03408 329257'),
(121, 'Drew', 'Lindsey', 'AB8 8RQ', '1998-12-28', '03848 681983'),
(122, 'Kaye', 'Conway', 'AB3 7LE', '1975-08-10', '03875 873191'),
(123, 'Daphne', 'Benton', 'AB6 6IR', '1963-05-30', '07142 625729'),
(124, 'Amir', 'Morse', 'AB7 4EG', '1961-08-15', '02512 054461'),
(125, 'Phillip', 'Keller', 'AB8 3QF', '1951-10-30', '09573 753741'),
(126, 'Medge', 'Morrison', 'AB6 3TZ', '1963-05-09', '01850 862541'),
(127, 'Keefe', 'Ramsey', 'AB9 4EQ', '1978-05-01', '07759 204153'),
(128, 'Knox', 'Vaughn', 'AB4 4GY', '1993-04-15', '08785 404120'),
(129, 'Ian', 'Gutierrez', 'AB2 2NN', '1994-09-13', '00426 997524'),
(130, 'Lucas', 'Mcintosh', 'AB1 7WL', '1992-05-05', '05066 881169'),
(131, 'Lawrence', 'Fry', 'AB0 8MQ', '1960-01-07', '05087 092261'),
(132, 'Stephen', 'Curry', 'AB4 3SH', '1955-06-14', '01263 692739'),
(133, 'Maggy', 'Cruz', 'AB7 3UP', '1953-10-13', '05246 204452'),
(134, 'Walker', 'Lawrence', 'AB3 9CA', '1983-05-19', '08215 187614'),
(135, 'Brynn', 'Young', 'AB4 0HT', '1990-10-28', '08470 787722'),
(136, 'Kelsie', 'Hendricks', 'AB5 3SV', '1963-04-06', '06742 511865'),
(137, 'Nolan', 'Dudley', 'AB2 5YC', '1995-10-12', '05156 108616'),
(138, 'Honorato', 'Harvey', 'AB4 1WP', '1998-04-06', '05682 566131'),
(139, 'Kevin', 'Hall', 'AB8 6GO', '1974-02-21', '06367 134869'),
(140, 'Ginger', 'Foreman', 'AB0 7SL', '1954-08-12', '02206 775737'),
(141, 'Ruth', 'English', 'AB4 2CG', '1995-03-06', '07754 627464'),
(142, 'Deborah', 'Munoz', 'AB5 2HR', '2004-08-28', '00324 466855'),
(143, 'Mallory', 'Luna', 'AB1 6GF', '1964-07-12', '05025 512523'),
(144, 'Bruno', 'Schroeder', 'AB5 4YM', '1975-12-17', '05382 875265'),
(145, 'Nathan', 'West', 'AB6 2JH', '1964-05-25', '02964 766448'),
(146, 'Suki', 'William', 'AB1 1FA', '1994-07-26', '01414 779426'),
(147, 'Piper', 'Kane', 'AB1 0GI', '2001-11-05', '09044 024485'),
(148, 'Grant', 'Graham', 'AB4 3GO', '1946-01-04', '06412 811422'),
(149, 'Avram', 'Dotson', 'AB3 1VU', '1966-01-28', '08678 232264'),
(150, 'Odessa', 'Pickett', 'AB1 1WP', '1990-09-28', '04321 521261'),
(151, 'Troy', 'Cummings', 'AB3 8ZU', '1998-03-30', '09423 438867'),
(152, 'Jason', 'Herrera', 'AB5 3BG', '1972-11-22', '07663 961973'),
(153, 'Jaden', 'Salas', 'AB9 2HX', '1996-02-27', '09419 532015'),
(154, 'Yasir', 'Stark', 'AB3 0EV', '1962-11-21', '02410 236772'),
(155, 'George', 'Roberson', 'AB0 4NN', '1954-04-13', '04906 820447'),
(156, 'Carlos', 'Cherry', 'AB6 5AF', '2004-02-23', '00886 738362'),
(157, 'Nita', 'Kim', 'AB8 6BR', '1944-05-08', '08038 302171'),
(158, 'Octavius', 'Wynn', 'AB5 6LY', '1996-07-03', '03178 842496'),
(159, 'Alfonso', 'Savage', 'AB1 9RW', '1980-11-26', '01346 868271'),
(160, 'Alisa', 'Hendricks', 'AB4 3QD', '1992-02-20', '03158 638821'),
(161, 'Keely', 'Fletcher', 'AB5 3RF', '1964-05-09', '07228 792820'),
(162, 'Omar', 'Kelly', 'AB3 8ML', '1979-02-24', '03510 888356'),
(163, 'Brynne', 'Massey', 'AB6 2FX', '1946-08-08', '08481 245905'),
(164, 'Seth', 'Owens', 'AB4 8LJ', '1957-08-31', '01832 157490'),
(165, 'Oren', 'Patton', 'AB3 3SN', '1969-04-02', '01083 224115'),
(166, 'Medge', 'Hoffman', 'AB1 8DP', '1984-11-28', '00044 642758'),
(167, 'Nehru', 'Melton', 'AB8 8MR', '1944-09-06', '03706 581218'),
(168, 'Zephania', 'Barrett', 'AB7 4JI', '1994-08-07', '05497 712649'),
(169, 'Rajah', 'Alford', 'AB2 5CL', '1971-09-13', '00966 770597'),
(170, 'Burke', 'Sheppard', 'AB7 4YN', '1997-12-22', '04880 888616'),
(171, 'Gabriel', 'Stuart', 'AB7 5AD', '1953-04-05', '01326 326505'),
(172, 'Stacey', 'Sanford', 'AB5 5FQ', '1962-05-09', '09642 414546'),
(173, 'Gannon', 'Sullivan', 'AB0 4CQ', '1982-03-02', '02645 743439'),
(174, 'Oren', 'Stevens', 'AB5 2TK', '1950-12-11', '08816 376257'),
(175, 'Reuben', 'Dudley', 'AB9 3JV', '1965-03-30', '00334 416663'),
(176, 'Bruno', 'Clarke', 'AB0 8EZ', '1949-04-07', '04402 455933'),
(177, 'Marvin', 'Norris', 'AB0 3NJ', '1956-11-16', '02644 410621'),
(178, 'Caryn', 'Farrell', 'AB4 7SO', '1977-05-05', '07521 760189'),
(179, 'Basil', 'Garza', 'AB4 5LB', '1960-06-02', '06684 665275'),
(180, 'Jemima', 'Carver', 'AB6 7BM', '1948-10-21', '08058 045601'),
(181, 'Addison', 'Franco', 'AB8 5EJ', '1999-12-06', '01887 295578'),
(182, 'George', 'Weiss', 'AB4 1JR', '2005-04-24', '06328 533183'),
(183, 'Davis', 'Saunders', 'AB1 5GF', '2003-05-04', '02332 875827'),
(184, 'Belle', 'Morin', 'AB6 8OC', '1987-03-10', '03548 142278'),
(185, 'Macy', 'Holt', 'AB5 3HN', '1977-04-21', '08758 111866'),
(186, 'August', 'Hatfield', 'AB4 5YS', '2001-07-31', '03759 158405'),
(187, 'Logan', 'Thomas', 'AB4 2TZ', '1954-06-09', '09318 360364'),
(188, 'Guy', 'Bates', 'AB8 2EX', '2003-07-01', '02043 781754'),
(189, 'Lane', 'Kline', 'AB7 9PA', '2004-07-20', '04473 162027'),
(190, 'Buckminster', 'Stafford', 'AB6 8KR', '1998-04-28', '05641 505434'),
(191, 'Priscilla', 'Mckee', 'AB5 0HJ', '2001-03-28', '04773 542621'),
(192, 'Kasimir', 'Maddox', 'AB6 0HU', '1980-10-07', '03265 652483'),
(193, 'Jescie', 'Emerson', 'AB3 4WF', '1987-08-31', '08007 307620'),
(194, 'Colby', 'Mayo', 'AB6 4KH', '1981-09-13', '04617 333327'),
(195, 'Zoe', 'Mckenzie', 'AB1 1YX', '1987-05-23', '09825 143433'),
(196, 'Octavius', 'Daniel', 'AB8 4IA', '1948-02-09', '06240 336945'),
(197, 'Olga', 'Odom', 'AB5 2TM', '1989-05-06', '01839 926474'),
(198, 'Octavius', 'Carson', 'AB0 5JM', '1955-06-18', '02368 432861'),
(199, 'Kylie', 'Puckett', 'AB3 1NQ', '1995-11-20', '06052 845046'),
(200, 'Ivor', 'Booker', 'AB6 0LG', '1951-10-19', '00868 610883'),
(201, 'Deborah', 'Mcdowell', 'AB3 3FW', '1960-04-16', '08176 137767'),
(202, 'Carson', 'Klein', 'AB5 2EY', '1958-09-14', '05661 976246'),
(203, 'Leroy', 'Knapp', 'AB0 0PK', '1974-05-05', '02296 445791'),
(204, 'Geoffrey', 'Osborn', 'AB4 0TY', '1966-10-23', '06267 991456'),
(205, 'Felix', 'Kline', 'AB5 6TS', '1954-10-05', '09671 235375'),
(206, 'Amber', 'Holman', 'AB5 2VB', '2000-05-30', '07853 128748'),
(207, 'Georgia', 'Maynard', 'AB8 5YI', '1958-05-08', '06121 703473'),
(208, 'Madeson', 'Torres', 'AB4 0MU', '1980-11-08', '07562 480451'),
(209, 'Chancellor', 'Hendricks', 'AB0 7QY', '1959-06-02', '06160 032772'),
(210, 'Leonard', 'Stanley', 'AB5 3MD', '1955-12-24', '05675 784882'),
(211, 'Hamilton', 'Cabrera', 'AB5 3WX', '1969-01-02', '01724 847365'),
(212, 'Martina', 'Norris', 'AB8 3YW', '1993-12-06', '06994 577594'),
(213, 'Clarke', 'Coleman', 'AB6 8TB', '1963-11-19', '08705 952399'),
(214, 'Jacqueline', 'Mitchell', 'AB6 3SP', '1950-11-30', '09671 138852'),
(215, 'Thane', 'Stuart', 'AB4 4IZ', '1975-09-19', '06163 291957'),
(216, 'Ralph', 'Castillo', 'AB7 1EI', '1976-01-01', '04457 267986'),
(217, 'Donovan', 'Lee', 'AB5 1DK', '1973-03-17', '09446 343546'),
(218, 'Keane', 'Warren', 'AB6 7WE', '2000-01-27', '02896 337535'),
(219, 'Maia', 'Vazquez', 'AB2 7UW', '1955-04-06', '01153 399574'),
(220, 'Katell', 'Blake', 'AB6 4JL', '1989-08-10', '07668 562913'),
(221, 'Raphael', 'Brooks', 'AB2 8IG', '1953-09-23', '07671 598013'),
(222, 'Baxter', 'Macdonald', 'AB3 4VE', '1962-02-14', '04861 122197'),
(223, 'Lucas', 'Hawkins', 'AB0 2UA', '1975-07-05', '04375 473541'),
(224, 'Thane', 'Jones', 'AB2 5YR', '1990-03-11', '08612 742286'),
(225, 'Shaeleigh', 'Bond', 'AB3 1SM', '1960-10-14', '01766 332236'),
(226, 'Piper', 'King', 'AB5 7HH', '1986-09-11', '06566 369266'),
(227, 'Jarrod', 'Vargas', 'AB0 9MI', '1962-05-02', '08074 393585'),
(228, 'Quentin', 'Frost', 'AB2 2NS', '1959-08-29', '07152 540548'),
(229, 'Orla', 'Powers', 'AB4 2JX', '1946-01-14', '00905 458528'),
(230, 'Geoffrey', 'Pope', 'AB7 3LL', '1969-06-01', '01457 903417'),
(231, 'Erich', 'Patterson', 'AB3 4DI', '1997-11-07', '07705 807331'),
(232, 'Emi', 'Miranda', 'AB6 4UB', '1983-08-22', '04625 402593'),
(233, 'Ramona', 'Oneal', 'AB2 5BI', '1983-02-19', '05767 116066'),
(234, 'Hillary', 'Haney', 'AB3 6VP', '1964-01-15', '03073 476467'),
(235, 'Alice', 'Reese', 'AB8 3UC', '1999-06-28', '00407 168311'),
(236, 'Eliana', 'Parsons', 'AB8 4RI', '1995-12-08', '04596 713562'),
(237, 'Kirby', 'Ramsey', 'AB4 1EW', '1994-06-16', '05337 836060'),
(238, 'Cameron', 'Hewitt', 'AB2 8KN', '1989-04-05', '09738 332915'),
(239, 'Rina', 'Vaughan', 'AB0 8MB', '1996-03-26', '04737 602638'),
(240, 'Benedict', 'Valenzuela', 'AB6 8AT', '1952-12-04', '08627 044367'),
(241, 'Ivor', 'Medina', 'AB4 3DE', '2000-12-08', '01570 991633'),
(242, 'Dorian', 'Pugh', 'AB1 1UV', '1998-08-24', '05810 045245'),
(243, 'Reuben', 'Haney', 'AB8 1CD', '1974-02-28', '06680 122115'),
(244, 'Simon', 'Chaney', 'AB4 2WC', '1954-12-03', '02571 952758'),
(245, 'Naomi', 'Compton', 'AB9 5ME', '2004-04-11', '04811 038549'),
(246, 'Irma', 'Carlson', 'AB0 8SY', '1992-02-03', '08871 828224'),
(247, 'Hope', 'Gonzales', 'AB5 8IV', '1955-03-31', '03360 695291'),
(248, 'Brandon', 'Contreras', 'AB9 5DO', '2003-02-16', '01057 636956'),
(249, 'Rowan', 'Workman', 'AB7 5RF', '1968-04-27', '01644 517892'),
(250, 'Mariko', 'Decker', 'AB6 8FJ', '1945-09-27', '06486 336908'),
(251, 'Rhiannon', 'Shields', 'AB6 9HW', '1971-10-26', '02822 311489'),
(252, 'Herman', 'Barron', 'AB0 8YK', '1988-11-18', '08171 454779'),
(253, 'Guinevere', 'Duffy', 'AB1 3LQ', '1969-04-29', '01925 565533'),
(254, 'Xenos', 'Pennington', 'AB9 5UO', '1964-02-06', '08215 670407'),
(255, 'David', 'Talley', 'AB6 1QB', '2005-09-04', '07489 321004'),
(256, 'Hermione', 'Huber', 'AB4 7EW', '1981-09-07', '04454 866179'),
(257, 'Wallace', 'Anthony', 'AB5 5UC', '1971-12-09', '04457 866857'),
(258, 'Virginia', 'Silva', 'AB1 5NN', '1999-12-09', '05323 386344'),
(259, 'Rebekah', 'Bryant', 'AB3 8IO', '1979-06-27', '02453 588467'),
(260, 'Kim', 'Olsen', 'AB1 5EK', '1974-12-04', '06485 205898'),
(261, 'Lionel', 'Rutledge', 'AB4 7TX', '1947-07-02', '02857 778755'),
(262, 'Hanna', 'York', 'AB2 2AS', '1970-12-10', '09521 661971'),
(263, 'Kadeem', 'Yates', 'AB3 4EY', '1971-10-18', '03319 691473'),
(264, 'Anne', 'Holmes', 'AB2 6KZ', '1966-07-11', '09723 363151'),
(265, 'Shaine', 'Rivera', 'AB4 8IS', '1962-07-09', '04278 391734'),
(266, 'Brenden', 'Pearson', 'AB1 2JK', '1992-11-27', '04151 131123'),
(267, 'Chiquita', 'Camacho', 'AB1 5GX', '2000-05-16', '04624 322118'),
(268, 'Yetta', 'Mclean', 'AB5 4KM', '1961-06-10', '08125 171918'),
(269, 'Celeste', 'Waller', 'AB7 1XX', '1955-08-11', '03563 455581'),
(270, 'Marah', 'Moody', 'AB7 6TA', '1961-02-19', '07567 318946'),
(271, 'Ferris', 'Morrow', 'AB3 7WT', '1986-09-19', '02636 621777'),
(272, 'Neville', 'Kemp', 'AB1 6FB', '2002-01-02', '07077 575485'),
(273, 'Stacey', 'O\'donnell', 'AB7 0MF', '1985-05-08', '00015 664384'),
(274, 'Dorian', 'Stafford', 'AB3 4VP', '1953-02-26', '08258 372301'),
(275, 'Jacob', 'Fernandez', 'AB6 5XG', '1994-10-15', '02327 524737'),
(276, 'Nigel', 'Pope', 'AB0 2SQ', '1977-05-04', '05281 364549'),
(277, 'Abigail', 'Spence', 'AB5 7SD', '1962-01-06', '04172 742227'),
(278, 'Drew', 'Weeks', 'AB5 5EP', '1974-01-30', '04923 678310'),
(279, 'Fallon', 'Leonard', 'AB2 8RK', '1967-09-23', '04075 482353'),
(280, 'Maryam', 'Pickett', 'AB2 6UE', '1952-12-23', '03413 455152'),
(281, 'Connor', 'Dunlap', 'AB1 4IP', '1992-07-17', '03238 081733'),
(282, 'Bevis', 'Holman', 'AB4 7WI', '1998-07-04', '08871 497524'),
(283, 'Kasper', 'Dudley', 'AB2 2WT', '1994-05-03', '07310 759852'),
(284, 'Wesley', 'Pratt', 'AB2 4LC', '1966-02-06', '02042 463712'),
(285, 'Lee', 'Rollins', 'AB4 0GB', '1954-08-14', '03118 536546'),
(286, 'Desiree', 'Dudley', 'AB6 1WE', '1978-12-27', '05438 838823'),
(287, 'Carlos', 'Mueller', 'AB1 4VG', '1967-05-28', '06765 619734'),
(288, 'Kieran', 'Rodriguez', 'AB4 3MU', '1958-03-12', '04833 156293'),
(289, 'Declan', 'Weeks', 'AB5 4KQ', '1952-06-01', '05912 434832'),
(290, 'Callum', 'Mcclure', 'AB7 6GB', '2004-01-19', '05852 427268'),
(291, 'Flavia', 'Morton', 'AB8 4RQ', '1970-02-12', '03882 613658'),
(292, 'Keegan', 'Cameron', 'AB4 8DO', '1961-12-12', '05314 062312'),
(293, 'Miranda', 'Delacruz', 'AB3 0WP', '1959-08-03', '01657 615128'),
(294, 'Madaline', 'Molina', 'AB3 3PC', '1947-09-18', '01787 745524'),
(295, 'Macon', 'Burt', 'AB8 1YB', '1992-06-20', '08730 368661'),
(296, 'Keefe', 'Deleon', 'AB5 9UM', '1986-07-07', '02027 530627'),
(297, 'Barrett', 'Dale', 'AB8 3PJ', '1967-06-13', '04195 185789'),
(298, 'Nita', 'Joyner', 'AB5 4NJ', '1977-12-23', '03838 378338'),
(299, 'Ina', 'Bishop', 'AB2 7AQ', '2005-11-06', '00388 185466'),
(300, 'Kane', 'Merrill', 'AB4 4HK', '1955-08-09', '01749 178258'),
(301, 'Jada', 'Aguilar', 'AB7 1DS', '1998-04-28', '01225 868784'),
(302, 'Micah', 'Gilbert', 'AB8 1IA', '1946-07-03', '03332 310212'),
(303, 'Fritz', 'Stevenson', 'AB5 0FY', '1963-02-02', '02477 352985'),
(304, 'Hasad', 'Santiago', 'AB8 4PZ', '1987-06-02', '03177 564493'),
(305, 'Macon', 'Stout', 'AB1 2DN', '1986-07-04', '03096 678681'),
(306, 'Carl', 'Patton', 'AB6 6NV', '1960-04-30', '05209 077454'),
(307, 'Geoffrey', 'Rutledge', 'AB9 7HI', '1973-01-18', '03367 132437'),
(308, 'Bevis', 'Cummings', 'AB8 6DL', '1981-05-23', '07814 556877'),
(309, 'Lev', 'Bates', 'AB7 5MD', '1985-10-31', '00559 396040'),
(310, 'Haviva', 'Sloan', 'AB7 5FM', '1962-09-15', '06447 943527'),
(311, 'Ashton', 'Delgado', 'AB8 7DJ', '1957-03-31', '08428 544785'),
(312, 'Brody', 'Chen', 'AB4 7JQ', '1989-11-29', '01388 163052'),
(313, 'Thor', 'Richard', 'AB1 4RG', '1964-01-19', '01920 383665'),
(314, 'Carol', 'Harrell', 'AB7 5LQ', '1971-08-31', '03051 458879'),
(315, 'Alexa', 'Livingston', 'AB4 2CV', '1979-06-20', '09145 715366'),
(316, 'Merrill', 'Vang', 'AB5 6DK', '1991-05-11', '04862 383188'),
(317, 'Larissa', 'Sparks', 'AB2 5KJ', '1993-03-09', '07166 303368'),
(318, 'Fatima', 'Bell', 'AB5 3HR', '1947-10-17', '09583 381741'),
(319, 'James', 'Foster', 'AB8 1QR', '1954-03-26', '05467 328517'),
(320, 'Charles', 'Olsen', 'AB1 5ZH', '1985-09-21', '07003 490385'),
(321, 'Josephine', 'Pena', 'AB2 5KC', '1947-10-26', '07247 728598'),
(322, 'Porter', 'Sellers', 'AB3 4RG', '1947-07-15', '01806 282127'),
(323, 'Imogene', 'Cummings', 'AB7 5TH', '1990-03-08', '08787 402848'),
(324, 'Kylan', 'Finley', 'AB2 2QW', '1994-02-19', '00886 507634'),
(325, 'Aaron', 'Coffey', 'AB6 0XR', '1981-06-15', '01302 473267'),
(326, 'Bethany', 'Ferrell', 'AB9 9JB', '1955-01-13', '07876 472648'),
(327, 'Davis', 'Gill', 'AB1 2YW', '1978-01-27', '09851 462746'),
(328, 'Boris', 'Neal', 'AB1 3TX', '1961-01-18', '03554 435531'),
(329, 'Zeph', 'Holmes', 'AB8 9LO', '1985-08-25', '01199 312241'),
(330, 'Rosalyn', 'Buck', 'AB6 1TQ', '2005-02-26', '06792 597584'),
(331, 'Zahir', 'Woodard', 'AB2 4RJ', '1988-04-14', '04785 601629'),
(332, 'Hyatt', 'Cash', 'AB6 1HI', '1976-11-23', '09391 743567'),
(333, 'Abbot', 'Ferrell', 'AB7 8EV', '1958-11-14', '06431 740816'),
(334, 'Vivien', 'Dillon', 'AB6 1MU', '1970-10-31', '02127 211678'),
(335, 'Barbara', 'Winters', 'AB2 4UY', '1963-06-23', '09413 635849'),
(336, 'Kirestin', 'Carlson', 'AB1 4KF', '1961-09-28', '07488 288804'),
(337, 'Alan', 'Pena', 'AB5 7XI', '1951-06-04', '03724 827057'),
(338, 'Regina', 'Austin', 'AB9 5VP', '1957-09-16', '04654 925246'),
(339, 'Norman', 'Marshall', 'AB0 2GL', '1961-12-30', '04585 708440'),
(340, 'Channing', 'Diaz', 'AB1 5NP', '1982-05-26', '04487 686472'),
(341, 'Rashad', 'Alvarez', 'AB3 8HH', '1968-12-29', '09395 746251'),
(342, 'Caesar', 'Bond', 'AB7 8AQ', '1998-06-21', '01387 207831'),
(343, 'Raymond', 'Lambert', 'AB2 8SX', '1948-04-19', '00145 944112'),
(344, 'Chloe', 'Guthrie', 'AB5 5EX', '1983-12-03', '07062 844966'),
(345, 'Kay', 'Manning', 'AB7 5NP', '1991-10-20', '08476 742387'),
(346, 'Amena', 'Scott', 'AB6 3DW', '1948-08-22', '05518 353526'),
(347, 'Serena', 'Keith', 'AB6 2EO', '1963-11-23', '01006 099212'),
(348, 'Knox', 'Clements', 'AB2 1KK', '1946-03-02', '06712 258343'),
(349, 'Graham', 'Dunlap', 'AB8 8YE', '1965-07-19', '07815 344568'),
(350, 'Vance', 'Cook', 'AB7 5JS', '1985-11-07', '08189 221143'),
(351, 'Chadwick', 'Vega', 'AB2 9MM', '1955-06-23', '09285 815071'),
(352, 'Emmanuel', 'Phelps', 'AB3 3DD', '1999-02-07', '02647 775519'),
(353, 'Nelle', 'Mcknight', 'AB4 1YE', '1996-04-04', '01145 684175'),
(354, 'Hall', 'Hodges', 'AB1 6HI', '1988-07-23', '06777 192984'),
(355, 'Kareem', 'Stuart', 'AB8 6DB', '1973-08-27', '06284 474396'),
(356, 'Barry', 'Wiggins', 'AB8 5SC', '1980-01-25', '07082 318781'),
(357, 'Zenaida', 'Franklin', 'AB0 9SP', '1980-12-19', '09826 418129'),
(358, 'Brody', 'Orr', 'AB4 3QW', '1979-07-29', '04262 262466'),
(359, 'Omar', 'Workman', 'AB3 0XJ', '1989-02-21', '06155 273460'),
(360, 'Brenden', 'Gonzales', 'AB3 6LN', '1981-09-29', '01662 525685'),
(361, 'Walker', 'Osborn', 'AB7 4TH', '2000-06-10', '04552 319696'),
(362, 'Nathan', 'Calderon', 'AB5 3HC', '1996-07-06', '08255 197785'),
(363, 'Bevis', 'Walsh', 'AB3 2NJ', '1948-03-09', '08546 848841'),
(364, 'Rina', 'Pratt', 'AB5 1KD', '1989-06-17', '02317 811840'),
(365, 'Rajah', 'Holman', 'AB2 5YO', '1978-12-20', '09386 178444'),
(366, 'Mara', 'Mcdowell', 'AB7 6UG', '1995-10-24', '05279 641482'),
(367, 'Arthur', 'Hines', 'AB7 0FK', '2005-02-13', '09831 514343'),
(368, 'Shelley', 'Walker', 'AB1 6AQ', '1967-05-21', '07384 751654'),
(369, 'Jayme', 'Wade', 'AB5 1HM', '1989-07-22', '08927 795618'),
(370, 'Rhona', 'Britt', 'AB4 7ZC', '1963-09-12', '06355 814180'),
(371, 'Yael', 'Conrad', 'AB9 4FH', '1990-05-12', '08527 777585'),
(372, 'Hilel', 'Norton', 'AB5 6IC', '1990-04-20', '04690 594761'),
(373, 'Dana', 'Paul', 'AB2 5BK', '2004-09-13', '00576 535293'),
(374, 'Janna', 'Harvey', 'AB4 3GI', '2005-06-23', '05462 257122'),
(375, 'Conan', 'Gonzales', 'AB6 8CR', '1999-06-02', '04818 574948'),
(376, 'Marsden', 'Strickland', 'AB6 7MM', '1970-07-28', '04458 472718'),
(377, 'Christian', 'Leon', 'AB8 8BB', '2002-05-23', '01132 084346'),
(378, 'Walker', 'Case', 'AB4 5KB', '1959-04-21', '01554 913139'),
(379, 'Rhoda', 'Pacheco', 'AB1 2ER', '1985-01-30', '07824 423111'),
(380, 'Desiree', 'Morrison', 'AB4 6MO', '1989-09-19', '05277 255931'),
(381, 'Brock', 'Dunlap', 'AB1 4DY', '1983-04-20', '01630 428645'),
(382, 'Scott', 'Higgins', 'AB7 4MW', '1971-10-12', '04420 371712'),
(383, 'Jaime', 'Rich', 'AB2 1XN', '1948-12-21', '07470 716989'),
(384, 'Amethyst', 'Copeland', 'AB5 3QU', '1974-12-23', '02638 505258'),
(385, 'Joy', 'Herrera', 'AB8 5LR', '1966-05-04', '01615 178219'),
(386, 'Nigel', 'Melendez', 'AB6 4XO', '2001-11-15', '05792 077062'),
(387, 'Lewis', 'Rodriguez', 'AB8 3IN', '1951-04-01', '06295 867209'),
(388, 'Nissim', 'Yang', 'AB8 6NS', '1988-05-07', '05964 299408'),
(389, 'Tashya', 'Vang', 'AB2 5LU', '1999-05-28', '02328 472584'),
(390, 'Tucker', 'Cabrera', 'AB3 4BM', '1953-05-18', '07380 563143'),
(391, 'Philip', 'Bradshaw', 'AB6 1ZY', '2002-11-12', '03715 698533'),
(392, 'Francesca', 'Guy', 'AB8 9XM', '1968-04-04', '01423 664124'),
(393, 'Allen', 'Hurst', 'AB6 1ZD', '1998-06-25', '04521 075559'),
(394, 'Adria', 'Silva', 'AB1 2FB', '2003-02-26', '07911 126737'),
(395, 'Courtney', 'Francis', 'AB3 8DX', '1975-12-28', '04356 178151'),
(396, 'Upton', 'Lamb', 'AB3 7DV', '1985-09-25', '09271 407757'),
(397, 'Sierra', 'Frank', 'AB3 1YJ', '1973-05-19', '02118 268729'),
(398, 'Garrison', 'Bridges', 'AB3 6RF', '1955-11-19', '05851 192754'),
(399, 'Ferdinand', 'Edwards', 'AB7 1VX', '1992-07-24', '05769 618683'),
(400, 'Hanae', 'Vasquez', 'AB6 7EQ', '2000-08-12', '07593 364786'),
(401, 'Acton', 'Cooper', 'AB5 0TK', '1985-08-14', '04451 274610'),
(402, 'Jamal', 'Rice', 'AB7 9VH', '1986-06-20', '01873 764751'),
(403, 'Carl', 'Castaneda', 'AB6 0LS', '1999-09-14', '06253 786022'),
(404, 'Kirsten', 'Diaz', 'AB8 1SC', '1992-07-24', '07787 431731'),
(405, 'Eric', 'Roy', 'AB2 5UU', '1950-03-20', '07299 603655'),
(406, 'Wesley', 'Perry', 'AB4 7NU', '1978-01-26', '02256 567866'),
(407, 'Orla', 'Lancaster', 'AB2 5KC', '1996-10-18', '01353 131613'),
(408, 'Grace', 'Calderon', 'AB1 6LW', '1946-02-06', '04294 520751'),
(409, 'Maxine', 'Fitzpatrick', 'AB5 1YD', '1985-07-10', '06466 356648'),
(410, 'Zachary', 'Fisher', 'AB2 6MR', '1960-12-18', '04178 128531'),
(411, 'Brian', 'Cunningham', 'AB7 5HL', '1989-12-04', '08411 096636'),
(412, 'Brenden', 'Short', 'AB2 1KF', '1955-09-25', '03838 113772'),
(413, 'Tad', 'Mcmillan', 'AB1 6PU', '2004-07-18', '02615 649577'),
(414, 'Kermit', 'Mack', 'AB0 6OQ', '1981-01-31', '07697 179897'),
(415, 'Acton', 'Gill', 'AB1 3DZ', '1966-08-27', '00168 171493'),
(416, 'Bradley', 'Mcleod', 'AB2 8TO', '1953-10-15', '01430 438666'),
(417, 'Deborah', 'Olsen', 'AB7 7DQ', '1948-12-12', '07565 615581'),
(418, 'Madeline', 'Underwood', 'AB5 5YN', '1963-07-11', '08656 553162'),
(419, 'Yael', 'Gonzales', 'AB3 7GA', '2001-06-08', '09656 424858'),
(420, 'Hashim', 'Bennett', 'AB1 7QU', '1962-06-29', '05636 964637'),
(421, 'Caleb', 'Garza', 'AB6 4VM', '1994-08-01', '04058 855576'),
(422, 'Diana', 'Cabrera', 'AB7 8IY', '1953-08-20', '06539 148756'),
(423, 'Thomas', 'Blair', 'AB6 8KT', '1964-12-26', '03176 078322'),
(424, 'Elaine', 'Vance', 'AB8 9NK', '2005-05-06', '00267 857989'),
(425, 'Alma', 'Davidson', 'AB8 4TG', '1965-02-14', '05631 853156'),
(426, 'Hector', 'Davis', 'AB0 0WM', '1948-06-16', '08676 305307'),
(427, 'Eaton', 'Sharpe', 'AB0 3BC', '1983-04-16', '01021 736817'),
(428, 'Deanna', 'Donaldson', 'AB5 8KF', '1948-04-07', '06844 237526'),
(429, 'Jordan', 'Nieves', 'AB2 2VY', '1989-07-08', '05435 846488'),
(430, 'Jelani', 'Butler', 'AB7 4KS', '1992-10-12', '03485 145420'),
(431, 'Kasper', 'Blackburn', 'AB1 0DZ', '1994-12-24', '04290 751228'),
(432, 'Harlan', 'Fields', 'AB1 0TF', '1989-08-14', '01939 657234'),
(433, 'Nerea', 'Alexander', 'AB3 1CE', '1956-11-09', '03545 987897'),
(434, 'Kiara', 'Stevens', 'AB8 9YI', '1954-03-02', '08018 076578'),
(435, 'Norman', 'Harrison', 'AB1 7JO', '1961-08-14', '07812 633326'),
(436, 'Whitney', 'Witt', 'AB0 6LU', '1993-02-25', '00250 825385'),
(437, 'Donna', 'Mccormick', 'AB4 2IM', '1958-04-07', '01562 366131'),
(438, 'Jenna', 'Landry', 'AB8 3MP', '1995-11-09', '08564 331843'),
(439, 'Liberty', 'Page', 'AB3 2DJ', '1990-09-12', '05663 550358'),
(440, 'Courtney', 'Emerson', 'AB7 4PK', '1972-05-02', '05614 354321'),
(441, 'Zenaida', 'Daniels', 'AB5 1QO', '1960-11-14', '05450 888764'),
(442, 'Barbara', 'Goff', 'AB6 8HN', '1992-10-13', '00863 535700'),
(443, 'Pearl', 'Castaneda', 'AB2 8JL', '1965-07-15', '00713 424754'),
(444, 'Macaulay', 'Dale', 'AB1 4SV', '1962-09-02', '07595 356131'),
(445, 'Grant', 'Mays', 'AB3 5LV', '1984-08-17', '08122 265647'),
(446, 'Adria', 'Fulton', 'AB4 1EM', '1964-07-09', '04209 188711'),
(447, 'Lynn', 'Forbes', 'AB5 1XG', '1948-11-10', '05187 037119'),
(448, 'Keith', 'Boyd', 'AB6 8NK', '1947-08-28', '06747 256561'),
(449, 'Indigo', 'Tate', 'AB9 8GE', '1987-07-17', '04842 661925'),
(450, 'Xandra', 'Mccormick', 'AB6 2TY', '1960-04-15', '03891 991694'),
(451, 'Karleigh', 'Pope', 'AB3 1GN', '1962-01-26', '02386 947883'),
(452, 'MacKenzie', 'Zamora', 'AB1 5CN', '1967-08-10', '01348 443886'),
(453, 'MacKenzie', 'Donaldson', 'AB7 5QT', '1994-07-12', '02911 551752'),
(454, 'Devin', 'O\'brien', 'AB2 4CT', '1988-10-30', '02463 971152'),
(455, 'Beau', 'Boyd', 'AB7 2EX', '1950-04-10', '01227 611255'),
(456, 'Nathan', 'Rojas', 'AB4 8PL', '1973-09-27', '07579 798538'),
(457, 'Mikayla', 'Hart', 'AB8 6SO', '2005-08-13', '04054 754777'),
(458, 'Callum', 'Webster', 'AB7 2OK', '1957-12-10', '03030 123883'),
(459, 'Trevor', 'Kelley', 'AB4 8UB', '1991-03-12', '02411 737577'),
(460, 'Wesley', 'Cochran', 'AB9 6MS', '1970-10-08', '03569 266007'),
(461, 'Hadassah', 'Salinas', 'AB3 5LE', '1979-04-25', '08895 284388'),
(462, 'Cara', 'Stokes', 'AB5 7OG', '2002-09-06', '03714 387651'),
(463, 'Denise', 'Warner', 'AB1 5YU', '1972-06-19', '03321 299986'),
(464, 'Ulric', 'Vang', 'AB2 5TD', '1949-04-26', '06232 167537'),
(465, 'Elliott', 'Gilmore', 'AB3 7BV', '1990-08-17', '04278 178511'),
(466, 'Cora', 'Burton', 'AB8 3DW', '1951-05-24', '09776 884944'),
(467, 'Avram', 'Franco', 'AB4 4RT', '1948-06-08', '04238 252705'),
(468, 'Teegan', 'Gay', 'AB4 7DN', '1968-05-18', '07715 461166'),
(469, 'Dalton', 'Bishop', 'AB2 3EF', '1986-10-18', '08738 541556'),
(470, 'Bert', 'Howell', 'AB8 6DC', '1966-06-04', '03905 498477'),
(471, 'Lionel', 'Bullock', 'AB1 5NN', '1949-03-13', '07425 893063'),
(472, 'Sage', 'Combs', 'AB2 1AD', '1975-08-27', '08626 442219'),
(473, 'Simone', 'Maldonado', 'AB4 0UR', '1961-11-11', '00672 257895'),
(474, 'Violet', 'Rowe', 'AB0 9DX', '1995-06-15', '00851 036610'),
(475, 'Maggy', 'Hooper', 'AB4 1JI', '1986-02-08', '07782 222709'),
(476, 'Selma', 'Buchanan', 'AB8 2FR', '1979-06-06', '04458 423618'),
(477, 'Ezra', 'Meyer', 'AB3 2BR', '2001-12-17', '09735 036826'),
(478, 'Gay', 'Hunter', 'AB3 4WT', '1982-04-04', '09247 438255'),
(479, 'Josephine', 'Summers', 'AB2 3NY', '1958-01-31', '07763 970860'),
(480, 'Wyoming', 'Meyer', 'AB5 3WC', '1975-09-06', '06556 554157'),
(481, 'Tashya', 'Blake', 'AB1 5LI', '2004-04-24', '09135 487550'),
(482, 'Xaviera', 'Walton', 'AB7 6AJ', '1982-02-22', '09320 453710'),
(483, 'Kaitlin', 'Tran', 'AB2 8RV', '1964-01-28', '08466 609780'),
(484, 'Hadley', 'Lindsay', 'AB3 2XV', '1974-03-16', '02276 174512'),
(485, 'Alec', 'Rojas', 'AB0 8XG', '1966-04-28', '06446 275014'),
(486, 'Aphrodite', 'Newman', 'AB2 7RB', '1959-07-08', '00096 705187'),
(487, 'Mufutau', 'Olson', 'AB9 3BI', '1981-03-18', '00478 998386'),
(488, 'Irma', 'Paul', 'AB1 6XP', '2001-05-28', '04272 734886'),
(489, 'Alma', 'Waters', 'AB7 2GR', '1993-07-06', '01957 522656'),
(490, 'Philip', 'Conley', 'AB4 6RD', '2002-12-23', '02111 433778'),
(491, 'Zephr', 'Bishop', 'AB3 5XV', '1944-08-17', '03639 668816'),
(492, 'Susan', 'Crawford', 'AB1 8WC', '1955-02-20', '07138 112315'),
(493, 'Stacy', 'Tran', 'AB9 5GJ', '1968-09-22', '09081 692946'),
(494, 'Channing', 'Copeland', 'AB0 2OO', '1951-02-24', '06171 881483'),
(495, 'Rahim', 'Fuentes', 'AB8 7UI', '1969-12-08', '05148 143456'),
(496, 'Rajah', 'Marsh', 'AB4 0LL', '1961-07-30', '01730 615157'),
(497, 'Nomlanga', 'Stuart', 'AB3 5NO', '1984-10-09', '02910 945840'),
(498, 'Otto', 'Moreno', 'AB3 3DF', '1987-10-20', '04591 332395'),
(499, 'Deborah', 'Whitehead', 'AB3 8TQ', '1949-11-22', '08058 414034'),
(500, 'Mary', 'Pollard', 'AB7 8IW', '1965-03-29', '06479 403164');

--
-- Triggers `customers`
--
DELIMITER $$
CREATE TRIGGER `recordLeavingCustomers` BEFORE DELETE ON `customers` FOR EACH ROW BEGIN
INSERT INTO former_customers (former_customer_id, customer_id, firstname, lastname, date_of_birth, tel_number, postcode, timestamp)
VALUES (NULL, OLD.customer_id, OLD.firstname, OLD.lastname, OLD.date_of_birth, OLD.tel_number, OLD.postcode, NOW());
END
$$
DELIMITER ;

-- --------------------------------------------------------

--
-- Table structure for table `delivery_routes`
--

CREATE TABLE `delivery_routes` (
  `delivery_postcode` varchar(4) NOT NULL,
  `delivery_route_id` int(11) NOT NULL
) ENGINE=InnoDB DEFAULT CHARSET=utf8mb4 COLLATE=utf8mb4_general_ci;

--
-- Dumping data for table `delivery_routes`
--

INSERT INTO `delivery_routes` (`delivery_postcode`, `delivery_route_id`) VALUES
('AB0', 1),
('AB1', 1),
('AB2', 2),
('AB3', 2),
('AB4', 3),
('AB5', 3),
('AB6', 3),
('AB7', 4),
('AB8', 4),
('AB9', 5);

-- --------------------------------------------------------

--
-- Table structure for table `former_customers`
--

CREATE TABLE `former_customers` (
  `former_customer_id` int(11) NOT NULL,
  `customer_id` int(11) NOT NULL,
  `firstname` varchar(64) NOT NULL,
  `lastname` varchar(64) NOT NULL,
  `date_of_birth` date NOT NULL,
  `tel_number` varchar(12) NOT NULL,
  `postcode` varchar(9) NOT NULL,
  `timestamp` datetime NOT NULL
) ENGINE=InnoDB DEFAULT CHARSET=utf8mb4 COLLATE=utf8mb4_general_ci;

--
-- Dumping data for table `former_customers`
--

INSERT INTO `former_customers` (`former_customer_id`, `customer_id`, `firstname`, `lastname`, `date_of_birth`, `tel_number`, `postcode`, `timestamp`) VALUES
(1, 1, 'Ryder', 'Padilla', '1961-09-19', '06233 423887', 'AB2 5WN', '2024-03-19 22:35:30');

-- --------------------------------------------------------

--
-- Table structure for table `items`
--

CREATE TABLE `items` (
  `item_id` int(11) NOT NULL,
  `item_name` varchar(64) NOT NULL,
  `price` float(5,2) NOT NULL,
  `category_id` int(11) NOT NULL
) ENGINE=InnoDB DEFAULT CHARSET=utf8mb4 COLLATE=utf8mb4_general_ci;

--
-- Dumping data for table `items`
--

INSERT INTO `items` (`item_id`, `item_name`, `price`, `category_id`) VALUES
(1, 'Milk', 2.99, 1),
(2, 'Bread', 1.99, 1),
(3, 'Eggs', 1.49, 1),
(4, 'Chicken Breast', 5.99, 2),
(5, 'Ground Beef', 4.49, 2),
(6, 'Salmon Fillet', 7.99, 2),
(7, 'Apples', 0.79, 3),
(8, 'Bananas', 0.59, 3),
(9, 'Oranges', 0.89, 3),
(10, 'Potato Chips', 3.49, 4),
(11, 'Chocolate', 2.99, 4),
(12, 'Soda', 1.29, 4),
(13, 'Toothpaste', 2.49, 5),
(14, 'Shampoo', 4.99, 5),
(15, 'Soap', 1.99, 5),
(16, 'Pasta', 1.19, 6),
(17, 'Rice', 2.79, 6),
(18, 'Flour', 1.99, 6),
(19, 'Bleach', 3.99, 7),
(20, 'Dish Soap', 2.29, 7),
(21, 'Trash Bags', 5.49, 7),
(22, 'Cheese', 3.99, 8),
(23, 'Yogurt', 2.79, 8),
(24, 'Butter', 2.99, 8),
(25, 'Frozen Pizza', 6.49, 9),
(26, 'Ice Cream', 4.99, 9),
(27, 'Frozen Vegetables', 2.99, 9),
(28, 'Cereal', 3.79, 10),
(29, 'Oatmeal', 2.99, 10),
(30, 'Granola Bars', 4.29, 10),
(31, 'Peanut Butter', 3.49, 11),
(32, 'Jelly', 2.99, 11),
(33, 'Bread Rolls', 1.49, 11),
(34, 'Tissues', 1.79, 12),
(35, 'Toilet Paper', 3.99, 12),
(36, 'Paper Towels', 2.49, 12),
(37, 'Cat Food', 4.99, 13),
(38, 'Dog Food', 6.99, 13),
(39, 'Bird Seed', 3.49, 13),
(40, 'Wine', 9.99, 14),
(41, 'Beer', 8.49, 14),
(42, 'Liquor', 14.99, 14),
(43, 'Chips', 1.99, 15),
(44, 'Salsa', 2.49, 15),
(45, 'Guacamole', 3.99, 15),
(46, 'Ketchup', 1.99, 16),
(47, 'Mustard', 1.49, 16),
(48, 'Mayonnaise', 2.49, 16),
(49, 'Soup', 2.99, 17),
(50, 'Crackers', 1.99, 17),
(51, 'Ground Turkey', 4.29, 2),
(52, 'Pork Chops', 6.49, 2),
(53, 'Tuna', 2.99, 2),
(54, 'Broccoli', 1.99, 3),
(55, 'Carrots', 0.69, 3),
(56, 'Lettuce', 1.49, 3),
(57, 'Frozen Fries', 2.79, 9),
(58, 'Frozen Chicken', 8.99, 9),
(59, 'Frozen Burritos', 3.99, 9),
(60, 'Salad Dressing', 2.49, 16),
(61, 'BBQ Sauce', 2.29, 16),
(62, 'Ranch Dressing', 2.99, 16),
(63, 'Orange Juice', 3.49, 18),
(64, 'Apple Juice', 2.99, 18),
(65, 'Cranberry Juice', 3.99, 18),
(66, 'Bleu Cheese', 4.99, 8),
(67, 'Cottage Cheese', 2.79, 8),
(68, 'Sour Cream', 1.99, 8),
(69, 'Sausages', 5.99, 2),
(70, 'Bagels', 2.49, 1),
(71, 'English Muffins', 1.99, 1),
(72, 'Croissants', 3.49, 1),
(73, 'Hot Dogs', 3.99, 2),
(74, 'Buns', 1.79, 1),
(75, 'Pickles', 2.29, 16),
(76, 'Olive Oil', 5.99, 19),
(77, 'Balsamic Vinegar', 4.49, 19),
(78, 'Soy Sauce', 3.29, 19),
(79, 'Worcestershire Sauce', 2.99, 19),
(80, 'Maple Syrup', 6.99, 20),
(81, 'Honey', 4.49, 20),
(82, 'Pancake Mix', 2.99, 20),
(83, 'Marinara Sauce', 2.49, 15),
(84, 'Alfredo Sauce', 3.49, 15),
(85, 'Pesto', 4.99, 15),
(86, 'Bagged Salad', 3.99, 3),
(87, 'Cucumbers', 0.99, 3),
(88, 'Celery', 1.29, 3),
(89, 'Bell Peppers', 1.49, 3),
(90, 'Frozen Dinners', 4.99, 9),
(91, 'Instant Ramen', 0.99, 9),
(92, 'Energy Drinks', 2.99, 21),
(93, 'Sports Drinks', 1.49, 21),
(94, 'Protein Bars', 2.79, 21),
(95, 'Vitamins', 7.99, 22),
(96, 'Supplements', 9.99, 22),
(97, 'Pain Relievers', 3.49, 22),
(98, 'First Aid Kit', 12.99, 22),
(99, 'Candles', 2.49, 23),
(100, 'Air Freshener', 1.99, 23),
(101, 'Laundry Detergent', 8.99, 24),
(102, 'Fabric Softener', 5.49, 24),
(103, 'Dishwasher Detergent', 6.99, 24),
(104, 'Hand Soap', 2.29, 5),
(105, 'Hand Sanitizer', 3.99, 5),
(106, 'Toothbrush', 1.49, 5),
(107, 'Toothpaste', 2.99, 5),
(108, 'Floss', 1.99, 5),
(109, 'Mouthwash', 4.49, 5),
(110, 'Deodorant', 3.79, 25),
(111, 'Shaving Cream', 2.99, 25),
(112, 'Razors', 7.49, 25),
(113, 'Shampoo', 4.99, 5),
(114, 'Conditioner', 4.99, 5),
(115, 'Hair Gel', 3.49, 5),
(116, 'Hair Spray', 3.99, 5),
(117, 'Hairbrush', 2.29, 5),
(118, 'Comb', 1.49, 5),
(119, 'Hair Accessories', 1.99, 5),
(120, 'Body Wash', 3.99, 5),
(121, 'Bath Sponge', 0.99, 5),
(122, 'Lotion', 4.49, 5),
(123, 'Sunscreen', 6.99, 5),
(124, 'Bug Spray', 4.99, 26),
(125, 'Band-Aids', 1.99, 26),
(126, 'Hydrogen Peroxide', 2.49, 26),
(127, 'Rubbing Alcohol', 3.99, 26),
(128, 'Cotton Balls', 1.29, 26),
(129, 'Cotton Swabs', 1.49, 26),
(130, 'Hand Lotion', 3.49, 5),
(131, 'Nail Clippers', 2.99, 27),
(132, 'Nail File', 1.49, 27),
(133, 'Nail Polish', 3.99, 27),
(134, 'Nail Polish Remover', 2.29, 27),
(135, 'Bath Towel', 7.99, 28),
(136, 'Hand Towel', 3.49, 28),
(137, 'Washcloth', 1.99, 28),
(138, 'Shower Curtain', 12.99, 28),
(139, 'Bath Mat', 5.49, 28),
(140, 'Shower Caddy', 8.99, 28),
(141, 'Bathrobe', 14.99, 28),
(142, 'Slippers', 6.49, 28),
(143, 'Toothpicks', 0.99, 29),
(144, 'Matches', 1.49, 29),
(145, 'Light Bulbs', 2.99, 29),
(146, 'Batteries', 4.99, 29),
(147, 'Extension Cords', 6.49, 29),
(148, 'Flashlight', 3.99, 29),
(149, 'Glue', 1.99, 30),
(150, 'Tape', 2.49, 30),
(151, 'Scissors', 3.99, 30),
(152, 'Pens', 1.49, 30),
(153, 'Pencils', 0.99, 30),
(154, 'Erasers', 0.79, 30),
(155, 'Notebooks', 2.99, 30),
(156, 'Binders', 4.49, 30),
(157, 'Folders', 1.29, 30),
(158, 'Highlighters', 1.99, 30),
(159, 'Stapler', 3.49, 30),
(160, 'Staples', 0.99, 30),
(161, 'Calculator', 9.99, 30),
(162, 'Ruler', 1.49, 30),
(163, 'Scotch Tape', 1.99, 30),
(164, 'Envelopes', 2.49, 30),
(165, 'Post-it Notes', 1.79, 30),
(166, 'USB Flash Drive', 7.99, 30),
(167, 'External Hard Drive', 59.99, 30),
(168, 'Mouse', 14.99, 31),
(169, 'Keyboard', 24.99, 31),
(170, 'Mousepad', 5.99, 31),
(171, 'Monitor', 129.99, 31),
(172, 'Printer', 79.99, 31),
(173, 'Ink Cartridges', 39.99, 31),
(174, 'Paper', 4.99, 31),
(175, 'Surge Protector', 19.99, 31),
(176, 'HDMI Cable', 9.99, 31),
(177, 'Ethernet Cable', 6.99, 31),
(178, 'USB Cable', 5.99, 31),
(179, 'Laptop Bag', 29.99, 31),
(180, 'Laptop Stand', 19.99, 31),
(181, 'External DVD Drive', 24.99, 31),
(182, 'Portable Charger', 19.99, 32),
(183, 'Phone Case', 14.99, 32),
(184, 'Screen Protector', 9.99, 32),
(185, 'Headphones', 29.99, 32),
(186, 'Phone Charger', 12.99, 32),
(187, 'Phone Stand', 7.99, 32),
(188, 'Bluetooth Speaker', 39.99, 32),
(189, 'MicroSD Card', 19.99, 32),
(190, 'Power Strip', 12.99, 32),
(191, 'SD Card Reader', 7.99, 32),
(192, 'Wireless Mouse', 19.99, 31),
(193, 'Wireless Keyboard', 29.99, 31),
(194, 'Webcam', 49.99, 31),
(195, 'External Microphone', 39.99, 31),
(196, 'Graphics Tablet', 79.99, 31),
(197, 'Computer Speakers', 34.99, 31),
(198, 'Gaming Mouse', 49.99, 31),
(199, 'Gaming Keyboard', 69.99, 31),
(200, 'Gaming Headset', 79.99, 32);

--
-- Triggers `items`
--
DELIMITER $$
CREATE TRIGGER `recordPreviousPrices` BEFORE UPDATE ON `items` FOR EACH ROW BEGIN
INSERT INTO item_history (item_history_id, item_id, item_name, price, audit, timestamp) VALUES (NULL, OLD.item_id, OLD.item_name, OLD.price, "updated", NOW());
END
$$
DELIMITER ;

-- --------------------------------------------------------

--
-- Table structure for table `item_categories`
--

CREATE TABLE `item_categories` (
  `category_id` int(11) NOT NULL,
  `category_name` varchar(64) NOT NULL
) ENGINE=InnoDB DEFAULT CHARSET=utf8mb4 COLLATE=utf8mb4_general_ci;

--
-- Dumping data for table `item_categories`
--

INSERT INTO `item_categories` (`category_id`, `category_name`) VALUES
(1, 'Groceries'),
(2, 'Meats'),
(3, 'Produce'),
(4, 'Snacks'),
(5, 'Personal Care'),
(6, 'Pantry'),
(7, 'Household Essentials'),
(8, 'Dairy'),
(9, 'Frozen Foods'),
(10, 'Breakfast Foods'),
(11, 'Condiments'),
(12, 'Paper Products'),
(13, 'Pet Supplies'),
(14, 'Alcoholic Drinks'),
(15, 'Snack Foods'),
(16, 'Sauces and Dips'),
(17, 'Crackers and Chips'),
(18, 'Juices'),
(19, 'Cooking Essentials'),
(20, 'Breakfast Syrups and Spreads'),
(21, 'Beverages'),
(22, 'Vitamins and Supplements'),
(23, 'Home Fragrance'),
(24, 'Laundry Supplies'),
(25, 'Toiletries'),
(26, 'First Aid'),
(27, 'Health and Beauty Accessories'),
(28, 'Bath and Shower'),
(29, 'Miscellaneous Home Items'),
(30, 'Office Supplies'),
(31, 'Computer Accessories'),
(32, 'Electronics Accessories');

-- --------------------------------------------------------

--
-- Table structure for table `item_history`
--

CREATE TABLE `item_history` (
  `item_history_id` int(11) NOT NULL,
  `item_id` int(11) NOT NULL,
  `item_name` varchar(64) NOT NULL,
  `previous_price` float(5,2) NOT NULL,
  `audit` varchar(7) NOT NULL,
  `timestamp` datetime NOT NULL
) ENGINE=InnoDB DEFAULT CHARSET=utf8mb4 COLLATE=utf8mb4_general_ci;

--
-- Dumping data for table `item_history`
--

INSERT INTO `item_history` (`item_history_id`, `item_id`, `item_name`, `previous_price`, `audit`, `timestamp`) VALUES
(3, 3, 'Eggs', 1.09, 'updated', '2024-03-19 13:40:28'),
(4, 18, 'Flour', 1.49, 'updated', '2024-03-19 13:40:28');

-- --------------------------------------------------------

--
-- Table structure for table `orders_for_delivery`
--

CREATE TABLE `orders_for_delivery` (
  `order_id` int(11) NOT NULL,
  `customer_id` int(11) NOT NULL,
  `date_order_placed` date NOT NULL,
  `date_order_delivered` date NOT NULL,
  `delivery_route_id` int(11) NOT NULL
) ENGINE=InnoDB DEFAULT CHARSET=utf8mb4 COLLATE=utf8mb4_general_ci;

--
-- Dumping data for table `orders_for_delivery`
--

INSERT INTO `orders_for_delivery` (`order_id`, `customer_id`, `date_order_placed`, `date_order_delivered`, `delivery_route_id`) VALUES
(1, 62, '2023-10-31', '2023-11-03', 3),
(2, 240, '2023-07-22', '2023-07-29', 3),
(3, 277, '2023-08-01', '2023-08-13', 3),
(4, 434, '2023-06-03', '2023-06-10', 4),
(5, 310, '2023-12-29', '2024-01-10', 4),
(6, 177, '2023-02-08', '2023-02-09', 1),
(7, 292, '2023-10-30', '2023-11-12', 3),
(8, 139, '2023-10-29', '2023-10-30', 4),
(9, 256, '2023-08-12', '2023-08-13', 3),
(10, 301, '2023-10-09', '2023-10-15', 4),
(11, 487, '2023-08-22', '2023-08-31', 5),
(12, 237, '2023-05-18', '2023-05-31', 3),
(13, 164, '2023-10-12', '2023-10-15', 3),
(14, 213, '2023-12-01', '2023-12-04', 3),
(15, 53, '2023-01-27', '2023-02-07', 3),
(16, 217, '2023-05-10', '2023-05-18', 3),
(17, 434, '2023-10-03', '2023-10-14', 4),
(18, 389, '2023-02-23', '2023-03-06', 2),
(19, 79, '2023-10-16', '2023-10-30', 3),
(20, 471, '2023-06-27', '2023-07-01', 1),
(21, 10, '2023-10-04', '2023-10-15', 3),
(22, 54, '2023-08-17', '2023-08-30', 3),
(23, 239, '2023-09-12', '2023-09-20', 1),
(24, 313, '2023-03-19', '2023-03-20', 1),
(25, 85, '2023-01-14', '2023-01-21', 4),
(26, 362, '2023-04-15', '2023-04-18', 3),
(27, 149, '2023-01-25', '2023-02-07', 2),
(28, 42, '2023-08-07', '2023-08-20', 2),
(29, 41, '2023-07-06', '2023-07-12', 1),
(30, 289, '2023-04-22', '2023-04-30', 3),
(31, 245, '2023-06-20', '2023-06-26', 5),
(32, 465, '2023-07-25', '2023-08-03', 2),
(33, 400, '2023-08-14', '2023-08-27', 3),
(34, 43, '2023-09-27', '2023-10-11', 2),
(35, 291, '2023-01-12', '2023-01-20', 4),
(36, 15, '2023-05-24', '2023-05-29', 1),
(37, 300, '2023-10-21', '2023-10-28', 3),
(38, 432, '2023-07-27', '2023-08-01', 1),
(39, 295, '2023-02-20', '2023-03-05', 4),
(40, 137, '2023-01-28', '2023-02-06', 2),
(41, 149, '2023-01-20', '2023-01-27', 2),
(42, 166, '2023-10-24', '2023-10-27', 1),
(43, 421, '2023-12-21', '2023-12-31', 3),
(44, 113, '2023-11-07', '2023-11-10', 3),
(45, 132, '2023-02-23', '2023-03-07', 3),
(46, 178, '2023-11-07', '2023-11-09', 3),
(47, 410, '2023-01-19', '2023-01-23', 2),
(48, 235, '2023-10-08', '2023-10-09', 4),
(49, 278, '2023-12-17', '2023-12-23', 3),
(50, 170, '2023-07-27', '2023-08-01', 4),
(51, 497, '2023-08-31', '2023-09-02', 2),
(52, 53, '2023-05-20', '2023-05-21', 3),
(53, 298, '2023-03-24', '2023-04-04', 3),
(54, 52, '2023-10-10', '2023-10-21', 3),
(55, 352, '2023-11-17', '2023-11-18', 2),
(56, 134, '2023-05-08', '2023-05-14', 2),
(57, 173, '2023-03-05', '2023-03-13', 1),
(58, 319, '2023-04-10', '2023-04-13', 4),
(59, 273, '2023-11-26', '2023-12-02', 4),
(60, 422, '2023-05-22', '2023-05-31', 4),
(61, 319, '2023-08-24', '2023-09-06', 4),
(62, 258, '2023-04-24', '2023-04-28', 1),
(63, 473, '2023-07-29', '2023-08-07', 3),
(64, 274, '2023-06-11', '2023-06-19', 2),
(65, 422, '2023-08-10', '2023-08-14', 4),
(66, 158, '2023-10-16', '2023-10-25', 3),
(67, 482, '2023-04-01', '2023-04-08', 4),
(68, 472, '2023-03-15', '2023-03-17', 2),
(69, 73, '2023-09-17', '2023-09-23', 4),
(70, 500, '2023-12-18', '2023-12-27', 4),
(71, 197, '2023-11-17', '2023-11-19', 3),
(72, 352, '2023-06-09', '2023-06-12', 2),
(73, 140, '2023-01-26', '2023-02-01', 1),
(74, 328, '2023-03-14', '2023-03-21', 1),
(75, 255, '2023-11-16', '2023-11-29', 3),
(76, 320, '2023-07-22', '2023-07-23', 1),
(77, 51, '2023-08-24', '2023-08-29', 4),
(78, 450, '2023-08-28', '2023-08-31', 3),
(79, 192, '2023-01-23', '2023-01-26', 3),
(80, 381, '2023-08-12', '2023-08-25', 1),
(81, 155, '2023-05-24', '2023-05-25', 1),
(82, 205, '2023-01-04', '2023-01-17', 3),
(83, 199, '2023-07-14', '2023-07-25', 2),
(84, 109, '2023-12-07', '2023-12-17', 3),
(85, 251, '2023-03-02', '2023-03-04', 3),
(86, 3, '2023-06-05', '2023-06-15', 3),
(87, 176, '2023-03-03', '2023-03-12', 1),
(88, 318, '2023-04-23', '2023-05-04', 3),
(89, 424, '2023-03-18', '2023-04-01', 4),
(90, 67, '2023-04-17', '2023-04-26', 1),
(91, 159, '2023-10-24', '2023-11-04', 1),
(92, 41, '2023-03-26', '2023-04-06', 1),
(93, 489, '2023-03-03', '2023-03-06', 4),
(94, 127, '2023-08-08', '2023-08-17', 5),
(95, 456, '2023-05-30', '2023-06-04', 3),
(96, 303, '2023-05-01', '2023-05-05', 3),
(97, 317, '2023-02-26', '2023-03-11', 2),
(98, 1, '2023-08-14', '2023-08-19', 2),
(99, 466, '2023-09-27', '2023-09-28', 4),
(100, 149, '2023-07-24', '2023-08-05', 2),
(101, 272, '2023-05-30', '2023-06-01', 1),
(102, 101, '2023-02-11', '2023-02-19', 2),
(103, 256, '2023-10-05', '2023-10-06', 3),
(104, 166, '2023-05-27', '2023-05-31', 1),
(105, 121, '2023-07-04', '2023-07-08', 4),
(106, 309, '2023-08-08', '2023-08-20', 4),
(107, 118, '2023-06-20', '2023-06-23', 3),
(108, 364, '2023-04-21', '2023-04-24', 3),
(109, 186, '2023-12-19', '2023-12-30', 3),
(110, 103, '2023-12-16', '2023-12-28', 2),
(111, 399, '2023-08-04', '2023-08-12', 4),
(112, 61, '2023-06-14', '2023-06-28', 4),
(113, 453, '2023-03-17', '2023-03-24', 4),
(114, 489, '2023-06-30', '2023-07-02', 4),
(115, 424, '2023-01-30', '2023-02-08', 4),
(116, 247, '2023-02-24', '2023-03-07', 3),
(117, 29, '2023-03-10', '2023-03-16', 1),
(118, 472, '2023-01-10', '2023-01-19', 2),
(119, 40, '2023-09-28', '2023-10-01', 3),
(120, 118, '2023-06-14', '2023-06-27', 3),
(121, 146, '2023-09-01', '2023-09-12', 1),
(122, 62, '2023-05-24', '2023-06-07', 3),
(123, 168, '2023-01-29', '2023-02-04', 4),
(124, 133, '2023-07-03', '2023-07-04', 4),
(125, 206, '2023-07-14', '2023-07-27', 3),
(126, 28, '2023-04-26', '2023-05-09', 3),
(127, 150, '2023-05-08', '2023-05-15', 1),
(128, 334, '2023-05-07', '2023-05-17', 3),
(129, 298, '2023-12-25', '2024-01-05', 3),
(130, 100, '2023-03-22', '2023-03-29', 4),
(131, 84, '2023-08-13', '2023-08-26', 3),
(132, 474, '2023-08-10', '2023-08-20', 1),
(133, 400, '2023-06-18', '2023-06-28', 3),
(134, 188, '2023-10-13', '2023-10-14', 4),
(135, 291, '2023-08-05', '2023-08-08', 4),
(136, 26, '2023-06-28', '2023-07-03', 2),
(137, 108, '2023-01-04', '2023-01-13', 3),
(138, 207, '2023-10-16', '2023-10-26', 4),
(139, 94, '2023-04-10', '2023-04-13', 5),
(140, 50, '2023-07-31', '2023-08-13', 3),
(141, 286, '2023-07-08', '2023-07-21', 3),
(142, 176, '2023-02-09', '2023-02-13', 1),
(143, 162, '2023-07-13', '2023-07-18', 2),
(144, 313, '2023-01-02', '2023-01-06', 1),
(145, 27, '2023-11-06', '2023-11-18', 3),
(146, 70, '2023-12-25', '2024-01-05', 4),
(147, 358, '2023-12-28', '2024-01-10', 3),
(148, 421, '2023-12-18', '2023-12-31', 3),
(149, 222, '2023-10-14', '2023-10-16', 2),
(150, 21, '2023-03-28', '2023-03-29', 3),
(151, 320, '2023-05-28', '2023-06-10', 1),
(152, 249, '2023-08-02', '2023-08-15', 4),
(153, 420, '2023-01-03', '2023-01-04', 1),
(154, 53, '2023-09-17', '2023-09-29', 3),
(155, 306, '2023-12-27', '2024-01-03', 3),
(156, 153, '2023-11-18', '2023-12-01', 5),
(157, 348, '2023-01-04', '2023-01-05', 2),
(158, 412, '2023-01-24', '2023-02-01', 2),
(159, 74, '2023-01-16', '2023-01-21', 4),
(160, 128, '2023-09-05', '2023-09-08', 3),
(161, 24, '2023-02-18', '2023-02-22', 2),
(162, 150, '2023-05-07', '2023-05-12', 1),
(163, 253, '2023-06-01', '2023-06-06', 1),
(164, 463, '2023-03-11', '2023-03-25', 1),
(165, 16, '2023-02-17', '2023-02-27', 3),
(166, 188, '2023-10-03', '2023-10-14', 4),
(167, 342, '2023-08-13', '2023-08-19', 4),
(168, 338, '2023-08-25', '2023-08-29', 5),
(169, 146, '2023-06-13', '2023-06-18', 1),
(170, 350, '2023-03-09', '2023-03-21', 4),
(171, 257, '2023-06-23', '2023-07-02', 3),
(172, 227, '2023-05-01', '2023-05-06', 1),
(173, 38, '2023-01-11', '2023-01-17', 1),
(174, 248, '2023-11-13', '2023-11-17', 5),
(175, 173, '2023-10-08', '2023-10-19', 1),
(176, 28, '2023-11-02', '2023-11-09', 3),
(177, 237, '2023-09-23', '2023-10-05', 3),
(178, 336, '2023-05-12', '2023-05-24', 1),
(179, 76, '2023-11-18', '2023-12-02', 3),
(180, 435, '2023-06-05', '2023-06-14', 1),
(181, 96, '2023-05-09', '2023-05-10', 1),
(182, 307, '2023-12-03', '2023-12-10', 5),
(183, 296, '2023-07-13', '2023-07-14', 3),
(184, 22, '2023-07-08', '2023-07-10', 3),
(185, 172, '2023-06-23', '2023-07-07', 3),
(186, 35, '2023-02-02', '2023-02-07', 4),
(187, 367, '2023-03-07', '2023-03-17', 4),
(188, 444, '2023-06-02', '2023-06-09', 1),
(189, 490, '2023-08-06', '2023-08-08', 3),
(190, 198, '2023-04-01', '2023-04-15', 1),
(191, 357, '2023-12-19', '2023-12-23', 1),
(192, 142, '2023-02-25', '2023-03-11', 3),
(193, 332, '2023-01-11', '2023-01-18', 3),
(194, 93, '2023-01-08', '2023-01-11', 1),
(195, 135, '2023-05-19', '2023-05-29', 3),
(196, 294, '2023-06-03', '2023-06-14', 2),
(197, 24, '2023-07-23', '2023-08-05', 2),
(198, 176, '2023-11-15', '2023-11-16', 1),
(199, 420, '2023-05-27', '2023-05-29', 1),
(200, 402, '2023-08-21', '2023-09-03', 4),
(201, 381, '2023-10-14', '2023-10-26', 1),
(202, 358, '2023-11-27', '2023-11-30', 3),
(203, 358, '2023-04-20', '2023-05-02', 3),
(204, 26, '2023-01-21', '2023-01-31', 2),
(205, 232, '2023-11-10', '2023-11-12', 3),
(206, 300, '2023-07-08', '2023-07-12', 3),
(207, 252, '2023-10-10', '2023-10-17', 1),
(208, 73, '2023-08-06', '2023-08-11', 4),
(209, 45, '2023-04-13', '2023-04-26', 3),
(210, 249, '2023-01-26', '2023-02-02', 4),
(211, 29, '2023-07-21', '2023-08-02', 1),
(212, 435, '2023-01-14', '2023-01-25', 1),
(213, 299, '2023-02-12', '2023-02-19', 2),
(214, 230, '2023-05-21', '2023-06-01', 4),
(215, 134, '2023-12-25', '2023-12-30', 2),
(216, 364, '2023-08-06', '2023-08-10', 3),
(217, 109, '2023-10-27', '2023-11-10', 3),
(218, 456, '2023-09-22', '2023-10-04', 3),
(219, 456, '2023-10-11', '2023-10-23', 3),
(220, 423, '2023-12-20', '2023-12-28', 3),
(221, 126, '2023-01-19', '2023-02-01', 3),
(222, 441, '2023-07-09', '2023-07-23', 3),
(223, 385, '2023-10-31', '2023-11-05', 4),
(224, 13, '2023-10-28', '2023-11-04', 1),
(225, 297, '2023-04-23', '2023-05-03', 4),
(226, 327, '2023-10-30', '2023-11-03', 1),
(227, 496, '2023-06-02', '2023-06-08', 3),
(228, 234, '2023-07-17', '2023-07-18', 2),
(229, 10, '2023-03-10', '2023-03-15', 3),
(230, 323, '2023-07-12', '2023-07-24', 4),
(231, 362, '2023-03-04', '2023-03-13', 3),
(232, 216, '2023-02-01', '2023-02-03', 4),
(233, 450, '2023-01-02', '2023-01-16', 3),
(234, 160, '2023-06-18', '2023-06-20', 3),
(235, 260, '2023-02-08', '2023-02-15', 1),
(236, 231, '2023-05-31', '2023-06-14', 2),
(237, 243, '2023-05-11', '2023-05-20', 4),
(238, 93, '2023-09-12', '2023-09-17', 1),
(239, 315, '2023-08-30', '2023-09-01', 3),
(240, 179, '2023-12-06', '2023-12-14', 3),
(241, 152, '2023-09-15', '2023-09-24', 3),
(242, 325, '2023-07-02', '2023-07-14', 3),
(243, 447, '2023-04-30', '2023-05-13', 3),
(244, 417, '2023-12-09', '2023-12-10', 4),
(245, 467, '2023-08-06', '2023-08-14', 3),
(246, 240, '2023-08-13', '2023-08-25', 3),
(247, 16, '2023-01-09', '2023-01-22', 3),
(248, 66, '2023-12-15', '2023-12-29', 2),
(249, 31, '2023-11-28', '2023-12-12', 1),
(250, 68, '2023-02-18', '2023-02-21', 4),
(251, 249, '2023-03-19', '2023-03-28', 4),
(252, 73, '2023-11-03', '2023-11-09', 4),
(253, 226, '2023-09-17', '2023-09-21', 3),
(254, 339, '2023-11-20', '2023-12-01', 1),
(255, 408, '2023-03-21', '2023-03-25', 1),
(256, 112, '2023-10-08', '2023-10-12', 4),
(257, 214, '2023-04-28', '2023-05-05', 3),
(258, 380, '2023-04-17', '2023-04-19', 3),
(259, 269, '2023-01-20', '2023-01-29', 4),
(260, 268, '2023-09-29', '2023-10-06', 3),
(261, 211, '2023-02-03', '2023-02-10', 3),
(262, 161, '2023-03-28', '2023-03-30', 3),
(263, 369, '2023-04-01', '2023-04-13', 3),
(264, 179, '2023-06-01', '2023-06-13', 3),
(265, 255, '2023-08-20', '2023-08-31', 3),
(266, 353, '2023-05-17', '2023-05-24', 3),
(267, 423, '2023-09-26', '2023-10-01', 3),
(268, 352, '2023-10-03', '2023-10-07', 2),
(269, 247, '2023-02-12', '2023-02-17', 3),
(270, 7, '2023-08-03', '2023-08-10', 3),
(271, 437, '2023-01-11', '2023-01-23', 3),
(272, 80, '2023-01-27', '2023-01-31', 3),
(273, 232, '2023-01-09', '2023-01-12', 3),
(274, 367, '2023-11-15', '2023-11-20', 4),
(275, 262, '2023-01-22', '2023-01-30', 2),
(276, 101, '2023-03-19', '2023-03-24', 2),
(277, 33, '2023-01-09', '2023-01-10', 4),
(278, 305, '2023-12-27', '2024-01-04', 1),
(279, 343, '2023-09-22', '2023-09-28', 2),
(280, 33, '2023-12-22', '2023-12-29', 4),
(281, 12, '2023-05-29', '2023-06-11', 4),
(282, 389, '2023-12-31', '2024-01-08', 2),
(283, 424, '2023-02-23', '2023-03-07', 4),
(284, 243, '2023-07-07', '2023-07-19', 4),
(285, 349, '2023-01-05', '2023-01-15', 4),
(286, 18, '2023-06-13', '2023-06-15', 1),
(287, 391, '2023-02-20', '2023-02-27', 3),
(288, 72, '2023-09-21', '2023-10-05', 2),
(289, 169, '2023-06-19', '2023-06-26', 2),
(290, 261, '2023-06-22', '2023-07-05', 3),
(291, 184, '2023-01-01', '2023-01-09', 3),
(292, 481, '2023-05-08', '2023-05-17', 1),
(293, 434, '2023-09-21', '2023-09-27', 4),
(294, 156, '2023-04-01', '2023-04-06', 3),
(295, 499, '2023-09-16', '2023-09-26', 2),
(296, 247, '2023-11-26', '2023-11-27', 3),
(297, 64, '2023-09-06', '2023-09-20', 1),
(298, 408, '2023-08-06', '2023-08-10', 1),
(299, 104, '2023-07-02', '2023-07-04', 5),
(300, 347, '2023-07-24', '2023-07-25', 3),
(301, 161, '2023-02-07', '2023-02-14', 3),
(302, 153, '2023-03-17', '2023-03-27', 5),
(303, 323, '2023-08-02', '2023-08-04', 4),
(304, 340, '2023-05-24', '2023-05-28', 1),
(305, 405, '2023-04-16', '2023-04-25', 2),
(306, 275, '2023-06-21', '2023-06-27', 3),
(307, 57, '2023-06-17', '2023-06-22', 1),
(308, 75, '2023-12-25', '2023-12-26', 3),
(309, 15, '2023-06-04', '2023-06-17', 1),
(310, 491, '2023-12-22', '2024-01-05', 2),
(311, 203, '2023-09-13', '2023-09-19', 1),
(312, 370, '2023-06-08', '2023-06-11', 3),
(313, 111, '2023-11-16', '2023-11-19', 3),
(314, 202, '2023-11-08', '2023-11-20', 3),
(315, 140, '2023-03-06', '2023-03-14', 1),
(316, 327, '2023-01-02', '2023-01-14', 1),
(317, 43, '2023-11-12', '2023-11-15', 2),
(318, 169, '2023-03-17', '2023-03-21', 2),
(319, 20, '2023-10-30', '2023-11-05', 1),
(320, 126, '2023-09-09', '2023-09-16', 3),
(321, 29, '2023-07-23', '2023-08-05', 1),
(322, 332, '2023-06-09', '2023-06-23', 3),
(323, 111, '2023-08-17', '2023-08-20', 3),
(324, 232, '2023-11-26', '2023-12-09', 3),
(325, 375, '2023-11-10', '2023-11-21', 3),
(326, 397, '2023-09-13', '2023-09-22', 2),
(327, 13, '2023-01-23', '2023-01-25', 1),
(328, 63, '2023-01-03', '2023-01-09', 3),
(329, 133, '2023-04-19', '2023-04-20', 4),
(330, 386, '2023-10-08', '2023-10-20', 3),
(331, 66, '2023-10-22', '2023-10-25', 2),
(332, 258, '2023-07-25', '2023-07-28', 1),
(333, 111, '2023-01-08', '2023-01-22', 3),
(334, 325, '2023-03-26', '2023-03-28', 3),
(335, 485, '2023-04-20', '2023-04-28', 1),
(336, 480, '2023-06-07', '2023-06-11', 3),
(337, 325, '2023-06-22', '2023-07-01', 3),
(338, 314, '2023-12-21', '2023-12-25', 4),
(339, 36, '2023-09-05', '2023-09-19', 4),
(340, 483, '2023-09-27', '2023-10-08', 2),
(341, 34, '2023-03-29', '2023-04-04', 1),
(342, 181, '2023-08-17', '2023-08-25', 4),
(343, 150, '2023-01-16', '2023-01-21', 1),
(344, 390, '2023-02-12', '2023-02-23', 2),
(345, 307, '2023-12-14', '2023-12-17', 5),
(346, 58, '2023-08-25', '2023-08-31', 1),
(347, 421, '2023-04-10', '2023-04-24', 3),
(348, 245, '2023-05-09', '2023-05-13', 5),
(349, 127, '2023-01-02', '2023-01-08', 5),
(350, 258, '2023-09-17', '2023-09-26', 1),
(351, 9, '2023-05-03', '2023-05-04', 2),
(352, 209, '2023-03-08', '2023-03-20', 1),
(353, 167, '2023-01-05', '2023-01-19', 4),
(354, 131, '2023-04-10', '2023-04-13', 1),
(355, 318, '2023-10-04', '2023-10-12', 3),
(356, 156, '2023-09-22', '2023-09-27', 3),
(357, 149, '2023-08-13', '2023-08-24', 2),
(358, 373, '2023-10-17', '2023-10-31', 2),
(359, 294, '2023-07-08', '2023-07-18', 2),
(360, 409, '2023-07-10', '2023-07-20', 3),
(361, 433, '2023-03-29', '2023-04-05', 2),
(362, 10, '2023-12-06', '2023-12-07', 3),
(363, 88, '2023-09-02', '2023-09-12', 2),
(364, 149, '2023-01-06', '2023-01-19', 2),
(365, 447, '2023-03-27', '2023-03-28', 3),
(366, 398, '2023-03-09', '2023-03-16', 2),
(367, 148, '2023-07-16', '2023-07-30', 3),
(368, 158, '2023-05-17', '2023-05-26', 3),
(369, 469, '2023-01-02', '2023-01-04', 2),
(370, 441, '2023-10-16', '2023-10-29', 3),
(371, 309, '2023-04-14', '2023-04-19', 4),
(372, 433, '2023-04-16', '2023-04-27', 2),
(373, 34, '2023-09-13', '2023-09-18', 1),
(374, 186, '2023-07-29', '2023-08-01', 3),
(375, 253, '2023-04-28', '2023-05-09', 1),
(376, 308, '2023-11-03', '2023-11-16', 4),
(377, 6, '2023-05-09', '2023-05-11', 2),
(378, 193, '2023-01-08', '2023-01-10', 2),
(379, 366, '2023-03-18', '2023-03-23', 4),
(380, 209, '2023-09-05', '2023-09-12', 1),
(381, 274, '2023-09-01', '2023-09-02', 2),
(382, 159, '2023-12-13', '2023-12-22', 1),
(383, 258, '2023-04-29', '2023-05-10', 1),
(384, 296, '2023-11-10', '2023-11-11', 3),
(385, 278, '2023-05-15', '2023-05-16', 3),
(386, 249, '2023-03-21', '2023-03-27', 4),
(387, 271, '2023-04-18', '2023-04-25', 2),
(388, 484, '2023-11-06', '2023-11-15', 2),
(389, 297, '2023-12-06', '2023-12-15', 4),
(390, 343, '2023-03-31', '2023-04-07', 2),
(391, 303, '2023-04-10', '2023-04-21', 3),
(392, 144, '2023-06-21', '2023-07-02', 3),
(393, 116, '2023-04-11', '2023-04-16', 3),
(394, 255, '2023-03-07', '2023-03-11', 3),
(395, 240, '2023-07-21', '2023-08-04', 3),
(396, 86, '2023-12-22', '2024-01-01', 4),
(397, 424, '2023-11-02', '2023-11-09', 4),
(398, 344, '2023-05-08', '2023-05-22', 3),
(399, 447, '2023-06-03', '2023-06-06', 3),
(400, 316, '2023-09-27', '2023-10-04', 3),
(401, 342, '2023-09-20', '2023-09-23', 4),
(402, 436, '2023-01-17', '2023-01-18', 1),
(403, 309, '2023-10-14', '2023-10-28', 4),
(404, 74, '2023-01-22', '2023-01-31', 4),
(405, 167, '2023-06-18', '2023-06-19', 4),
(406, 8, '2023-09-18', '2023-10-02', 3),
(407, 57, '2023-07-18', '2023-07-24', 1),
(408, 426, '2023-11-08', '2023-11-17', 1),
(409, 235, '2023-01-23', '2023-02-06', 4),
(410, 74, '2023-04-01', '2023-04-04', 4),
(411, 263, '2023-05-22', '2023-06-04', 2),
(412, 359, '2023-03-06', '2023-03-07', 2),
(413, 268, '2023-03-31', '2023-04-14', 3),
(414, 62, '2023-07-05', '2023-07-19', 3),
(415, 48, '2023-09-17', '2023-09-25', 4),
(416, 12, '2023-06-11', '2023-06-22', 4),
(417, 27, '2023-06-14', '2023-06-28', 3),
(418, 313, '2023-08-02', '2023-08-14', 1),
(419, 421, '2023-01-22', '2023-01-30', 3),
(420, 115, '2023-10-18', '2023-11-01', 3),
(421, 471, '2023-10-07', '2023-10-12', 1),
(422, 63, '2023-12-13', '2023-12-15', 3),
(423, 213, '2023-09-27', '2023-10-09', 3),
(424, 37, '2023-04-19', '2023-05-03', 2),
(425, 349, '2023-02-07', '2023-02-15', 4),
(426, 98, '2023-12-12', '2023-12-21', 1),
(427, 497, '2023-10-16', '2023-10-18', 2),
(428, 126, '2023-12-12', '2023-12-16', 3),
(429, 157, '2023-01-25', '2023-02-01', 4),
(430, 252, '2023-04-28', '2023-05-04', 1),
(431, 226, '2023-06-16', '2023-06-22', 3),
(432, 170, '2023-06-04', '2023-06-11', 4),
(433, 90, '2023-04-30', '2023-05-10', 3),
(434, 262, '2023-12-27', '2024-01-09', 2),
(435, 11, '2023-12-13', '2023-12-14', 3),
(436, 228, '2023-01-24', '2023-01-29', 2),
(437, 275, '2023-05-11', '2023-05-13', 3),
(438, 169, '2023-07-05', '2023-07-07', 2),
(439, 330, '2023-04-24', '2023-04-28', 3),
(440, 498, '2023-05-07', '2023-05-14', 2),
(441, 323, '2023-07-10', '2023-07-18', 4),
(442, 127, '2023-03-14', '2023-03-24', 5),
(443, 41, '2023-09-03', '2023-09-08', 1),
(444, 68, '2023-01-18', '2023-01-19', 4),
(445, 400, '2023-02-16', '2023-02-24', 3),
(446, 463, '2023-07-21', '2023-07-26', 1),
(447, 136, '2023-03-25', '2023-03-31', 3),
(448, 376, '2023-11-23', '2023-12-05', 3),
(449, 341, '2023-04-12', '2023-04-22', 2),
(450, 288, '2023-11-12', '2023-11-18', 3),
(451, 160, '2023-01-09', '2023-01-17', 3),
(452, 342, '2023-11-07', '2023-11-09', 4),
(453, 386, '2023-05-31', '2023-06-13', 3),
(454, 243, '2023-11-07', '2023-11-18', 4),
(455, 122, '2023-08-25', '2023-09-07', 2),
(456, 349, '2023-12-10', '2023-12-11', 4),
(457, 443, '2023-09-17', '2023-09-18', 2),
(458, 69, '2023-07-01', '2023-07-08', 1),
(459, 67, '2023-01-16', '2023-01-24', 1),
(460, 173, '2023-05-17', '2023-05-24', 1),
(461, 175, '2023-02-08', '2023-02-15', 5),
(462, 179, '2023-03-05', '2023-03-11', 3),
(463, 490, '2023-09-11', '2023-09-20', 3),
(464, 300, '2023-04-03', '2023-04-10', 3),
(465, 490, '2023-04-04', '2023-04-09', 3),
(466, 50, '2023-07-21', '2023-07-23', 3),
(467, 361, '2023-08-10', '2023-08-18', 4),
(468, 399, '2023-11-19', '2023-11-28', 4),
(469, 317, '2023-12-17', '2023-12-23', 2),
(470, 423, '2023-03-05', '2023-03-17', 3),
(471, 184, '2023-03-08', '2023-03-17', 3),
(472, 314, '2023-10-29', '2023-11-09', 4),
(473, 280, '2023-10-18', '2023-10-21', 2),
(474, 428, '2023-03-08', '2023-03-12', 3),
(475, 212, '2023-09-20', '2023-09-26', 4),
(476, 199, '2023-10-11', '2023-10-25', 2),
(477, 345, '2023-10-27', '2023-11-01', 4),
(478, 108, '2023-09-30', '2023-10-10', 3),
(479, 479, '2023-04-25', '2023-05-05', 2),
(480, 393, '2023-07-16', '2023-07-28', 3),
(481, 112, '2023-07-29', '2023-08-09', 4),
(482, 259, '2023-08-17', '2023-08-24', 2),
(483, 16, '2023-04-11', '2023-04-16', 3),
(484, 130, '2023-03-26', '2023-04-06', 1),
(485, 27, '2023-03-25', '2023-03-31', 3),
(486, 410, '2023-05-01', '2023-05-02', 2),
(487, 187, '2023-06-12', '2023-06-19', 3),
(488, 238, '2023-10-23', '2023-11-03', 2),
(489, 52, '2023-08-10', '2023-08-22', 3),
(490, 154, '2023-11-02', '2023-11-04', 2),
(491, 487, '2023-09-02', '2023-09-06', 5),
(492, 89, '2023-04-26', '2023-05-04', 3),
(493, 296, '2023-01-07', '2023-01-14', 3),
(494, 470, '2023-06-24', '2023-07-01', 4),
(495, 242, '2023-01-10', '2023-01-22', 1),
(496, 277, '2023-09-02', '2023-09-13', 3),
(497, 1, '2023-02-15', '2023-02-23', 2),
(498, 113, '2023-08-03', '2023-08-06', 3),
(499, 414, '2023-07-11', '2023-07-16', 1),
(500, 109, '2023-01-28', '2023-01-31', 3),
(501, 46, '2023-04-30', '2023-05-05', 3),
(502, 25, '2023-05-17', '2023-05-28', 2),
(503, 16, '2023-01-03', '2023-01-17', 3),
(504, 24, '2023-03-15', '2023-03-27', 2),
(505, 41, '2023-06-18', '2023-06-25', 1),
(506, 12, '2023-04-19', '2023-04-20', 4),
(507, 19, '2023-11-01', '2023-11-07', 2),
(508, 4, '2023-01-22', '2023-01-29', 1),
(509, 48, '2023-01-07', '2023-01-14', 4),
(510, 35, '2023-11-07', '2023-11-08', 4),
(511, 44, '2023-09-04', '2023-09-10', 3),
(512, 40, '2023-04-30', '2023-05-10', 3),
(513, 15, '2023-03-02', '2023-03-05', 1),
(514, 37, '2023-03-20', '2023-03-31', 2),
(515, 41, '2023-04-29', '2023-05-02', 1),
(516, 32, '2023-02-09', '2023-02-12', 3),
(517, 7, '2023-07-22', '2023-07-28', 3),
(518, 3, '2023-02-22', '2023-03-05', 3),
(519, 48, '2023-09-09', '2023-09-17', 4),
(520, 31, '2023-07-01', '2023-07-12', 1),
(521, 19, '2023-08-29', '2023-09-07', 2),
(522, 40, '2023-10-03', '2023-10-12', 3),
(523, 18, '2023-05-21', '2023-05-22', 1),
(524, 41, '2023-02-16', '2023-03-01', 1),
(525, 28, '2023-04-04', '2023-04-05', 3),
(526, 8, '2023-05-23', '2023-06-03', 3),
(527, 46, '2023-06-01', '2023-06-05', 3),
(528, 35, '2023-11-04', '2023-11-12', 4),
(529, 19, '2023-06-07', '2023-06-15', 2),
(530, 41, '2023-04-03', '2023-04-16', 1),
(531, 10, '2023-08-01', '2023-08-03', 3),
(532, 35, '2023-09-20', '2023-09-25', 4),
(533, 42, '2023-07-23', '2023-08-02', 2),
(534, 7, '2023-04-23', '2023-04-26', 3),
(535, 42, '2023-03-29', '2023-04-06', 2),
(536, 3, '2023-04-30', '2023-05-01', 3),
(537, 44, '2023-02-08', '2023-02-21', 3),
(538, 24, '2023-03-26', '2023-03-31', 2),
(539, 40, '2023-04-05', '2023-04-10', 3),
(540, 30, '2023-06-11', '2023-06-14', 3),
(541, 28, '2023-04-30', '2023-05-08', 3),
(542, 34, '2023-12-30', '2024-01-08', 1),
(543, 37, '2023-02-20', '2023-03-03', 2),
(544, 31, '2023-04-28', '2023-05-09', 1),
(545, 6, '2023-04-18', '2023-04-28', 2),
(546, 4, '2023-12-26', '2024-01-05', 1),
(547, 11, '2023-04-15', '2023-04-21', 3),
(548, 25, '2023-01-03', '2023-01-12', 2),
(549, 5, '2023-01-01', '2023-01-12', 4),
(550, 33, '2023-03-16', '2023-03-24', 4),
(551, 7, '2023-03-26', '2023-04-04', 3),
(552, 9, '2023-07-21', '2023-08-01', 2),
(553, 19, '2023-12-23', '2023-12-30', 2),
(554, 15, '2023-10-17', '2023-10-26', 1),
(555, 34, '2023-02-24', '2023-03-07', 1),
(556, 17, '2023-12-28', '2024-01-10', 3),
(557, 46, '2023-04-25', '2023-04-27', 3),
(558, 37, '2023-12-11', '2023-12-20', 2),
(559, 3, '2023-11-10', '2023-11-16', 3),
(560, 40, '2023-05-25', '2023-05-31', 3),
(561, 18, '2023-11-13', '2023-11-24', 1),
(562, 46, '2023-01-14', '2023-01-22', 3),
(563, 11, '2023-02-04', '2023-02-18', 3),
(564, 20, '2023-05-25', '2023-05-30', 1),
(565, 27, '2023-03-16', '2023-03-26', 3),
(566, 30, '2023-04-01', '2023-04-14', 3),
(567, 35, '2023-06-28', '2023-07-06', 4),
(568, 24, '2023-01-17', '2023-01-27', 2),
(569, 13, '2023-12-03', '2023-12-17', 1),
(570, 39, '2023-11-23', '2023-12-03', 2),
(571, 35, '2023-07-12', '2023-07-26', 4),
(572, 49, '2023-08-09', '2023-08-12', 3),
(573, 17, '2023-02-13', '2023-02-21', 3),
(574, 33, '2023-07-28', '2023-07-31', 4),
(575, 5, '2023-08-11', '2023-08-20', 4),
(576, 9, '2023-12-02', '2023-12-07', 2),
(577, 46, '2023-03-15', '2023-03-28', 3),
(578, 1, '2023-08-19', '2023-09-02', 2),
(579, 40, '2023-08-23', '2023-08-27', 3),
(580, 42, '2023-03-12', '2023-03-25', 2),
(581, 10, '2023-11-17', '2023-11-24', 3),
(582, 40, '2023-06-05', '2023-06-17', 3),
(583, 37, '2023-11-02', '2023-11-12', 2),
(584, 29, '2023-10-14', '2023-10-22', 1),
(585, 26, '2023-04-29', '2023-05-13', 2),
(586, 13, '2023-09-22', '2023-09-30', 1),
(587, 25, '2023-04-02', '2023-04-12', 2),
(588, 35, '2023-05-29', '2023-06-11', 4),
(589, 36, '2023-08-18', '2023-08-23', 4),
(590, 26, '2023-05-21', '2023-05-23', 2),
(591, 12, '2023-03-22', '2023-03-27', 4),
(592, 9, '2023-01-02', '2023-01-15', 2),
(593, 36, '2023-07-15', '2023-07-28', 4),
(594, 25, '2023-02-11', '2023-02-24', 2),
(595, 15, '2023-06-23', '2023-06-29', 1),
(596, 27, '2023-12-22', '2024-01-04', 3),
(597, 33, '2023-09-01', '2023-09-08', 4),
(598, 48, '2023-12-17', '2023-12-26', 4),
(599, 6, '2023-12-10', '2023-12-13', 2),
(600, 60, '2023-04-04', '2023-04-14', 1),
(601, 76, '2023-09-17', '2023-09-25', 3),
(602, 183, '2023-12-22', '2023-12-25', 1),
(603, 189, '2023-08-11', '2023-08-12', 4),
(604, 128, '2023-04-26', '2023-04-28', 3),
(605, 420, '2023-07-06', '2023-07-16', 1),
(606, 214, '2023-08-14', '2023-08-22', 3),
(607, 365, '2023-10-30', '2023-11-09', 2),
(608, 265, '2023-02-12', '2023-02-26', 3),
(609, 322, '2023-06-07', '2023-06-08', 2),
(610, 45, '2023-09-12', '2023-09-24', 3),
(611, 106, '2023-08-01', '2023-08-05', 3),
(612, 401, '2023-01-25', '2023-01-31', 3),
(613, 333, '2023-08-14', '2023-08-25', 4),
(614, 471, '2023-11-20', '2023-11-27', 1),
(615, 331, '2023-09-26', '2023-10-03', 2),
(616, 218, '2023-01-25', '2023-01-30', 3),
(617, 471, '2023-03-26', '2023-03-29', 1),
(618, 47, '2023-04-15', '2023-04-18', 3),
(619, 353, '2023-06-03', '2023-06-13', 3),
(620, 232, '2023-01-28', '2023-01-31', 3),
(621, 318, '2023-12-02', '2023-12-10', 3),
(622, 156, '2023-06-29', '2023-06-30', 3),
(623, 191, '2023-03-01', '2023-03-10', 3),
(624, 350, '2023-07-13', '2023-07-27', 4),
(625, 440, '2023-05-08', '2023-05-16', 4),
(626, 426, '2023-06-26', '2023-06-28', 1),
(627, 33, '2023-08-06', '2023-08-09', 4),
(628, 460, '2023-12-08', '2023-12-13', 5),
(629, 267, '2023-07-02', '2023-07-16', 1),
(630, 470, '2023-03-31', '2023-04-13', 4),
(631, 175, '2023-03-01', '2023-03-12', 5),
(632, 79, '2023-06-20', '2023-07-04', 3),
(633, 364, '2023-12-07', '2023-12-15', 3),
(634, 441, '2023-07-23', '2023-08-02', 3),
(635, 314, '2023-06-29', '2023-07-11', 4),
(636, 241, '2023-08-26', '2023-08-29', 3),
(637, 109, '2023-03-18', '2023-03-20', 3),
(638, 265, '2023-01-29', '2023-02-05', 3),
(639, 491, '2023-01-05', '2023-01-11', 2),
(640, 124, '2023-06-19', '2023-06-24', 4),
(641, 251, '2023-09-28', '2023-10-10', 3),
(642, 117, '2023-01-05', '2023-01-07', 3),
(643, 149, '2023-08-02', '2023-08-14', 2),
(644, 103, '2023-08-31', '2023-09-10', 2),
(645, 57, '2023-09-20', '2023-10-04', 1),
(646, 113, '2023-10-01', '2023-10-08', 3),
(647, 474, '2023-12-31', '2024-01-12', 1),
(648, 213, '2023-03-15', '2023-03-25', 3),
(649, 348, '2023-04-27', '2023-05-03', 2),
(650, 129, '2023-05-31', '2023-06-08', 2),
(651, 392, '2023-09-11', '2023-09-12', 4),
(652, 96, '2023-12-22', '2024-01-03', 1),
(653, 88, '2023-07-10', '2023-07-19', 2),
(654, 485, '2023-09-03', '2023-09-17', 1),
(655, 155, '2023-04-30', '2023-05-02', 1),
(656, 123, '2023-02-24', '2023-03-03', 3),
(657, 244, '2023-05-02', '2023-05-04', 3),
(658, 223, '2023-10-29', '2023-11-10', 1),
(659, 465, '2023-10-23', '2023-11-04', 2),
(660, 201, '2023-01-10', '2023-01-24', 2),
(661, 184, '2023-08-01', '2023-08-07', 3),
(662, 427, '2023-04-01', '2023-04-11', 1),
(663, 479, '2023-10-22', '2023-11-04', 2),
(664, 18, '2023-10-21', '2023-10-25', 1),
(665, 418, '2023-08-16', '2023-08-28', 3),
(666, 111, '2023-09-26', '2023-09-27', 3),
(667, 75, '2023-05-18', '2023-05-25', 3),
(668, 437, '2023-03-12', '2023-03-20', 3),
(669, 119, '2023-04-27', '2023-05-11', 4),
(670, 370, '2023-02-27', '2023-03-05', 3),
(671, 163, '2023-10-31', '2023-11-02', 3),
(672, 302, '2023-04-15', '2023-04-23', 4),
(673, 29, '2023-01-12', '2023-01-13', 1),
(674, 494, '2023-11-07', '2023-11-10', 1),
(675, 208, '2023-12-15', '2023-12-21', 3),
(676, 130, '2023-10-03', '2023-10-04', 1),
(677, 348, '2023-10-22', '2023-11-05', 2),
(678, 295, '2023-06-19', '2023-06-30', 4),
(679, 426, '2023-01-23', '2023-01-29', 1),
(680, 234, '2023-11-27', '2023-12-11', 2),
(681, 100, '2023-01-28', '2023-02-05', 4),
(682, 179, '2023-02-07', '2023-02-14', 3),
(683, 353, '2023-10-06', '2023-10-08', 3),
(684, 17, '2023-04-14', '2023-04-17', 3),
(685, 163, '2023-07-10', '2023-07-21', 3),
(686, 190, '2023-12-19', '2023-12-20', 3),
(687, 54, '2023-10-16', '2023-10-26', 3),
(688, 163, '2023-01-31', '2023-02-01', 3),
(689, 409, '2023-02-24', '2023-03-04', 3),
(690, 255, '2023-10-20', '2023-10-28', 3),
(691, 105, '2023-06-27', '2023-06-29', 2),
(692, 386, '2023-12-27', '2023-12-28', 3),
(693, 231, '2023-11-23', '2023-11-25', 2),
(694, 53, '2023-10-09', '2023-10-11', 3),
(695, 67, '2023-01-17', '2023-01-30', 1),
(696, 397, '2023-08-17', '2023-08-26', 2),
(697, 406, '2023-01-28', '2023-01-29', 3),
(698, 272, '2023-05-12', '2023-05-14', 1),
(699, 375, '2023-06-20', '2023-06-23', 3),
(700, 355, '2023-12-06', '2023-12-17', 4),
(701, 8, '2023-04-20', '2023-04-21', 3),
(702, 9, '2023-05-20', '2023-05-26', 2),
(703, 9, '2023-07-31', '2023-08-03', 2),
(704, 10, '2023-08-27', '2023-08-31', 3),
(705, 9, '2023-10-11', '2023-10-24', 2),
(706, 8, '2023-11-14', '2023-11-27', 3),
(707, 10, '2023-01-20', '2023-01-29', 3),
(708, 1, '2023-03-08', '2023-03-17', 2),
(709, 1, '2023-07-06', '2023-07-08', 2),
(710, 2, '2023-06-03', '2023-06-16', 3),
(711, 6, '2023-05-12', '2023-05-26', 2),
(712, 6, '2023-10-10', '2023-10-24', 2),
(713, 3, '2023-07-05', '2023-07-14', 3),
(714, 6, '2023-02-11', '2023-02-18', 2),
(715, 4, '2023-05-15', '2023-05-23', 1),
(716, 2, '2023-12-04', '2023-12-13', 3),
(717, 5, '2023-08-24', '2023-09-01', 4),
(718, 3, '2023-07-23', '2023-08-05', 3),
(719, 1, '2023-06-06', '2023-06-15', 2),
(720, 6, '2023-06-01', '2023-06-06', 2),
(721, 9, '2023-02-21', '2023-02-22', 2),
(722, 10, '2023-09-24', '2023-10-06', 3),
(723, 1, '2023-02-08', '2023-02-09', 2),
(724, 9, '2023-10-06', '2023-10-19', 2),
(725, 2, '2023-05-04', '2023-05-08', 3),
(726, 9, '2023-10-20', '2023-10-28', 2),
(727, 3, '2023-09-19', '2023-09-27', 3),
(728, 6, '2023-05-28', '2023-05-31', 2),
(729, 3, '2023-11-16', '2023-11-23', 3),
(730, 1, '2023-07-05', '2023-07-15', 2),
(731, 9, '2023-02-17', '2023-03-01', 2),
(732, 10, '2023-02-14', '2023-02-18', 3),
(733, 9, '2023-03-29', '2023-04-08', 2),
(734, 5, '2023-06-10', '2023-06-23', 4),
(735, 5, '2023-01-13', '2023-01-14', 4),
(736, 10, '2023-12-02', '2023-12-04', 3),
(737, 2, '2023-11-30', '2023-12-01', 3),
(738, 7, '2023-07-29', '2023-08-03', 3),
(739, 10, '2023-01-07', '2023-01-11', 3),
(740, 6, '2023-02-24', '2023-03-01', 2),
(741, 4, '2023-05-17', '2023-05-28', 1),
(742, 8, '2023-01-07', '2023-01-08', 3),
(743, 9, '2023-02-16', '2023-02-20', 2),
(744, 9, '2023-09-24', '2023-10-08', 2),
(745, 6, '2023-05-09', '2023-05-21', 2),
(746, 6, '2023-04-28', '2023-05-02', 2),
(747, 3, '2023-09-02', '2023-09-13', 3),
(748, 2, '2023-07-25', '2023-08-07', 3),
(749, 8, '2023-03-22', '2023-03-25', 3),
(750, 40, '2023-09-14', '2023-09-18', 3),
(751, 270, '2023-09-15', '2023-09-22', 4),
(752, 441, '2023-09-25', '2023-10-02', 3),
(753, 175, '2023-09-30', '2023-10-09', 5),
(754, 379, '2023-12-28', '2024-01-10', 1),
(755, 214, '2023-07-18', '2023-07-27', 3),
(756, 313, '2023-06-11', '2023-06-16', 1),
(757, 262, '2023-01-19', '2023-01-30', 2),
(758, 422, '2023-05-16', '2023-05-18', 4),
(759, 28, '2023-03-11', '2023-03-25', 3),
(760, 43, '2023-07-26', '2023-07-29', 2),
(761, 57, '2023-06-11', '2023-06-20', 1),
(762, 147, '2023-12-29', '2024-01-06', 1),
(763, 29, '2023-10-08', '2023-10-18', 1),
(764, 101, '2023-11-30', '2023-12-01', 2),
(765, 196, '2023-05-13', '2023-05-21', 4),
(766, 495, '2023-11-18', '2023-12-01', 4),
(767, 32, '2023-12-29', '2024-01-09', 3),
(768, 34, '2023-12-14', '2023-12-26', 1),
(769, 87, '2023-11-06', '2023-11-20', 2),
(770, 426, '2023-05-11', '2023-05-14', 1),
(771, 237, '2023-08-06', '2023-08-17', 3),
(772, 186, '2023-03-06', '2023-03-07', 3),
(773, 285, '2023-01-03', '2023-01-07', 3),
(774, 80, '2023-01-02', '2023-01-05', 3),
(775, 476, '2023-11-01', '2023-11-03', 4),
(776, 266, '2023-07-29', '2023-08-08', 1),
(777, 330, '2023-11-18', '2023-12-01', 3),
(778, 159, '2023-01-11', '2023-01-16', 1),
(779, 465, '2023-08-30', '2023-09-11', 2),
(780, 127, '2023-09-23', '2023-10-07', 5),
(781, 408, '2023-09-22', '2023-10-01', 1),
(782, 176, '2023-06-20', '2023-06-30', 1),
(783, 29, '2023-12-30', '2024-01-01', 1),
(784, 10, '2023-03-13', '2023-03-15', 3),
(785, 150, '2023-11-09', '2023-11-15', 1),
(786, 35, '2023-07-16', '2023-07-27', 4),
(787, 377, '2023-11-22', '2023-12-03', 4),
(788, 448, '2023-01-07', '2023-01-15', 3),
(789, 476, '2023-09-05', '2023-09-06', 4),
(790, 147, '2023-09-01', '2023-09-10', 1),
(791, 470, '2023-05-14', '2023-05-15', 4),
(792, 488, '2023-03-02', '2023-03-08', 1),
(793, 63, '2023-10-02', '2023-10-09', 3),
(794, 76, '2023-03-28', '2023-04-04', 3),
(795, 218, '2023-10-14', '2023-10-16', 3),
(796, 86, '2023-06-14', '2023-06-18', 4),
(797, 160, '2023-09-02', '2023-09-09', 3),
(798, 401, '2023-08-18', '2023-08-31', 3),
(799, 169, '2023-02-03', '2023-02-04', 2),
(800, 15, '2023-01-03', '2023-01-13', 1),
(801, 317, '2023-03-01', '2023-03-11', 2),
(802, 167, '2023-11-19', '2023-11-29', 4),
(803, 104, '2023-02-03', '2023-02-10', 5),
(804, 57, '2023-11-26', '2023-11-28', 1),
(805, 66, '2023-04-25', '2023-04-29', 2),
(806, 452, '2023-11-06', '2023-11-20', 1),
(807, 19, '2023-06-18', '2023-06-28', 2),
(808, 66, '2023-01-08', '2023-01-20', 2),
(809, 200, '2023-06-28', '2023-07-03', 3),
(810, 395, '2023-11-02', '2023-11-16', 2),
(811, 7, '2023-04-30', '2023-05-07', 3),
(812, 335, '2023-10-11', '2023-10-18', 2),
(813, 247, '2023-12-28', '2024-01-02', 3),
(814, 427, '2023-12-26', '2024-01-02', 1),
(815, 368, '2023-11-01', '2023-11-11', 1),
(816, 129, '2023-12-12', '2023-12-18', 2),
(817, 71, '2023-02-11', '2023-02-22', 4),
(818, 347, '2023-10-29', '2023-11-07', 3),
(819, 89, '2023-11-08', '2023-11-17', 3),
(820, 88, '2023-06-03', '2023-06-13', 2),
(821, 160, '2023-09-12', '2023-09-16', 3),
(822, 243, '2023-05-26', '2023-06-09', 4),
(823, 443, '2023-01-05', '2023-01-17', 2),
(824, 206, '2023-12-23', '2024-01-01', 3),
(825, 416, '2023-03-09', '2023-03-13', 2),
(826, 118, '2023-12-18', '2023-12-29', 3),
(827, 52, '2023-09-28', '2023-10-05', 3),
(828, 494, '2023-02-17', '2023-03-02', 1),
(829, 36, '2023-05-13', '2023-05-14', 4),
(830, 250, '2023-05-05', '2023-05-11', 3),
(831, 358, '2023-11-19', '2023-12-01', 3),
(832, 278, '2023-09-01', '2023-09-07', 3),
(833, 261, '2023-10-11', '2023-10-18', 3),
(834, 262, '2023-07-12', '2023-07-14', 2),
(835, 83, '2023-09-20', '2023-09-28', 3),
(836, 200, '2023-04-14', '2023-04-18', 3),
(837, 171, '2023-02-10', '2023-02-14', 4),
(838, 417, '2023-02-20', '2023-03-04', 4),
(839, 451, '2023-11-28', '2023-12-01', 2),
(840, 268, '2023-04-13', '2023-04-26', 3),
(841, 404, '2023-01-07', '2023-01-13', 4),
(842, 451, '2023-01-26', '2023-02-01', 2),
(843, 462, '2023-11-11', '2023-11-12', 3),
(844, 373, '2023-09-27', '2023-09-28', 2),
(845, 163, '2023-12-17', '2023-12-19', 3),
(846, 75, '2023-11-17', '2023-12-01', 3),
(847, 279, '2023-11-06', '2023-11-20', 2),
(848, 242, '2023-12-26', '2024-01-03', 1),
(849, 346, '2023-02-23', '2023-02-28', 3),
(850, 176, '2023-04-25', '2023-05-05', 1),
(851, 316, '2023-06-23', '2023-06-27', 3),
(852, 58, '2023-02-06', '2023-02-19', 1),
(853, 239, '2023-06-16', '2023-06-22', 1),
(854, 211, '2023-05-29', '2023-06-04', 3),
(855, 59, '2023-09-10', '2023-09-23', 3),
(856, 396, '2023-03-07', '2023-03-15', 2),
(857, 48, '2023-03-05', '2023-03-11', 4),
(858, 84, '2023-10-20', '2023-11-01', 3),
(859, 35, '2023-08-14', '2023-08-27', 4),
(860, 191, '2023-05-27', '2023-06-01', 3),
(861, 240, '2023-04-19', '2023-04-24', 3),
(862, 384, '2023-04-02', '2023-04-06', 3),
(863, 248, '2023-03-14', '2023-03-22', 5),
(864, 403, '2023-01-02', '2023-01-03', 3),
(865, 292, '2023-06-04', '2023-06-05', 3),
(866, 182, '2023-11-18', '2023-11-21', 3),
(867, 311, '2023-03-14', '2023-03-17', 4),
(868, 5, '2023-08-28', '2023-09-01', 4),
(869, 135, '2023-04-03', '2023-04-10', 3),
(870, 135, '2023-06-23', '2023-07-02', 3),
(871, 303, '2023-08-17', '2023-08-21', 3),
(872, 203, '2023-04-02', '2023-04-14', 1),
(873, 435, '2023-08-09', '2023-08-18', 1),
(874, 57, '2023-12-26', '2024-01-01', 1),
(875, 183, '2023-08-15', '2023-08-27', 1),
(876, 294, '2023-02-22', '2023-03-04', 2),
(877, 172, '2023-01-10', '2023-01-20', 3),
(878, 204, '2023-12-17', '2023-12-27', 3),
(879, 312, '2023-01-13', '2023-01-14', 3),
(880, 59, '2023-05-14', '2023-05-26', 3),
(881, 15, '2023-10-01', '2023-10-06', 1),
(882, 15, '2023-12-13', '2023-12-25', 1),
(883, 32, '2023-03-22', '2023-04-02', 3),
(884, 259, '2023-09-15', '2023-09-29', 2),
(885, 225, '2023-07-01', '2023-07-12', 2),
(886, 266, '2023-05-20', '2023-05-31', 1),
(887, 216, '2023-07-05', '2023-07-08', 4),
(888, 249, '2023-02-18', '2023-02-28', 4),
(889, 300, '2023-06-26', '2023-06-27', 3),
(890, 420, '2023-12-05', '2023-12-13', 1),
(891, 283, '2023-05-13', '2023-05-23', 2),
(892, 477, '2023-07-04', '2023-07-10', 2),
(893, 121, '2023-01-19', '2023-01-30', 4),
(894, 85, '2023-05-27', '2023-06-02', 4),
(895, 290, '2023-09-17', '2023-09-23', 4),
(896, 305, '2023-03-05', '2023-03-18', 1),
(897, 418, '2023-08-03', '2023-08-10', 3),
(898, 446, '2023-09-05', '2023-09-07', 3),
(899, 463, '2023-10-21', '2023-10-31', 1),
(900, 92, '2023-10-28', '2023-11-03', 2),
(901, 218, '2023-06-23', '2023-07-05', 3),
(902, 88, '2023-03-08', '2023-03-21', 2),
(903, 144, '2023-08-21', '2023-09-01', 3),
(904, 30, '2023-05-12', '2023-05-24', 3),
(905, 64, '2023-10-18', '2023-10-31', 1),
(906, 111, '2023-04-01', '2023-04-11', 3),
(907, 474, '2023-12-15', '2023-12-19', 1),
(908, 307, '2023-03-31', '2023-04-10', 5),
(909, 325, '2023-07-10', '2023-07-23', 3),
(910, 366, '2023-12-23', '2024-01-03', 4),
(911, 266, '2023-12-24', '2024-01-05', 1),
(912, 339, '2023-12-01', '2023-12-06', 1),
(913, 90, '2023-04-20', '2023-05-03', 3),
(914, 311, '2023-03-16', '2023-03-18', 4),
(915, 212, '2023-12-17', '2023-12-23', 4),
(916, 430, '2023-12-31', '2024-01-07', 4),
(917, 109, '2023-11-15', '2023-11-29', 3),
(918, 371, '2023-02-22', '2023-03-08', 5),
(919, 269, '2023-07-05', '2023-07-12', 4),
(920, 162, '2023-04-12', '2023-04-24', 2),
(921, 440, '2023-04-16', '2023-04-27', 4),
(922, 448, '2023-04-19', '2023-04-30', 3),
(923, 424, '2023-01-17', '2023-01-31', 4),
(924, 230, '2023-08-11', '2023-08-23', 4),
(925, 325, '2023-10-27', '2023-11-10', 3),
(926, 460, '2023-02-23', '2023-03-05', 5),
(927, 431, '2023-10-24', '2023-11-02', 1),
(928, 183, '2023-10-05', '2023-10-07', 1),
(929, 421, '2023-10-05', '2023-10-12', 3),
(930, 340, '2023-06-08', '2023-06-16', 1),
(931, 307, '2023-07-24', '2023-07-30', 5),
(932, 192, '2023-07-11', '2023-07-23', 3),
(933, 195, '2023-09-23', '2023-10-03', 1),
(934, 449, '2023-07-18', '2023-07-30', 5),
(935, 137, '2023-06-08', '2023-06-16', 2),
(936, 346, '2023-09-13', '2023-09-20', 3),
(937, 179, '2023-10-12', '2023-10-13', 3),
(938, 14, '2023-01-15', '2023-01-26', 4),
(939, 88, '2023-02-14', '2023-02-17', 2),
(940, 204, '2023-08-21', '2023-08-29', 3),
(941, 29, '2023-03-18', '2023-03-30', 1),
(942, 140, '2023-11-21', '2023-12-03', 1),
(943, 377, '2023-06-06', '2023-06-14', 4),
(944, 9, '2023-09-22', '2023-10-01', 2),
(945, 352, '2023-09-20', '2023-09-27', 2),
(946, 360, '2023-11-17', '2023-11-22', 2),
(947, 369, '2023-05-21', '2023-05-22', 3),
(948, 60, '2023-03-25', '2023-04-03', 1),
(949, 49, '2023-12-09', '2023-12-13', 3),
(950, 418, '2023-08-02', '2023-08-06', 3),
(951, 84, '2023-11-25', '2023-12-01', 3),
(952, 78, '2023-05-10', '2023-05-16', 3),
(953, 154, '2023-10-10', '2023-10-14', 2),
(954, 105, '2023-11-27', '2023-12-07', 2),
(955, 269, '2023-12-28', '2023-12-31', 4),
(956, 367, '2023-09-27', '2023-10-09', 4),
(957, 179, '2023-07-16', '2023-07-17', 3),
(958, 162, '2023-06-29', '2023-07-10', 2),
(959, 481, '2023-11-12', '2023-11-25', 1),
(960, 370, '2023-10-05', '2023-10-06', 3),
(961, 267, '2023-02-07', '2023-02-14', 1),
(962, 31, '2023-02-14', '2023-02-17', 1),
(963, 90, '2023-01-12', '2023-01-20', 3),
(964, 3, '2023-10-22', '2023-11-04', 3),
(965, 14, '2023-11-29', '2023-12-06', 4),
(966, 240, '2023-09-27', '2023-10-02', 3),
(967, 307, '2023-12-06', '2023-12-13', 5),
(968, 5, '2023-12-08', '2023-12-16', 4),
(969, 322, '2023-06-23', '2023-06-30', 2),
(970, 28, '2023-11-15', '2023-11-23', 3),
(971, 408, '2023-03-16', '2023-03-30', 1),
(972, 295, '2023-08-15', '2023-08-19', 4),
(973, 433, '2023-05-15', '2023-05-26', 2),
(974, 213, '2023-08-03', '2023-08-07', 3),
(975, 101, '2023-08-29', '2023-08-31', 2),
(976, 273, '2023-06-28', '2023-06-30', 4),
(977, 308, '2023-02-03', '2023-02-05', 4),
(978, 466, '2023-09-15', '2023-09-22', 4),
(979, 444, '2023-12-05', '2023-12-17', 1),
(980, 134, '2023-10-03', '2023-10-16', 2),
(981, 277, '2023-09-07', '2023-09-09', 3),
(982, 57, '2023-11-23', '2023-12-02', 1),
(983, 454, '2023-06-24', '2023-07-07', 2),
(984, 136, '2023-06-22', '2023-07-02', 3),
(985, 278, '2023-05-21', '2023-06-01', 3),
(986, 309, '2023-09-11', '2023-09-18', 4),
(987, 435, '2023-02-15', '2023-02-18', 1),
(988, 353, '2023-08-02', '2023-08-03', 3),
(989, 85, '2023-12-05', '2023-12-11', 4),
(990, 121, '2023-04-16', '2023-04-30', 4),
(991, 430, '2023-05-19', '2023-05-22', 4),
(992, 399, '2023-07-13', '2023-07-16', 4),
(993, 413, '2023-04-05', '2023-04-16', 1),
(994, 278, '2023-04-11', '2023-04-14', 3),
(995, 301, '2023-10-25', '2023-11-07', 4),
(996, 67, '2023-08-11', '2023-08-15', 1),
(997, 426, '2023-06-13', '2023-06-21', 1),
(998, 25, '2023-11-12', '2023-11-25', 2),
(999, 471, '2023-09-14', '2023-09-27', 1),
(1000, 421, '2023-05-26', '2023-06-05', 3);

-- --------------------------------------------------------

--
-- Table structure for table `order_items`
--

CREATE TABLE `order_items` (
  `order_item_id` int(11) NOT NULL,
  `order_id` int(11) NOT NULL,
  `item_id` int(11) NOT NULL,
  `quantity` int(11) NOT NULL
) ENGINE=InnoDB DEFAULT CHARSET=utf8mb4 COLLATE=utf8mb4_general_ci;

--
-- Dumping data for table `order_items`
--

INSERT INTO `order_items` (`order_item_id`, `order_id`, `item_id`, `quantity`) VALUES
(1, 311, 13, 2),
(2, 24, 123, 3),
(3, 194, 4, 1),
(4, 211, 142, 5),
(5, 255, 174, 2),
(6, 423, 146, 8),
(7, 248, 119, 5),
(8, 112, 190, 8),
(9, 284, 137, 5),
(10, 28, 2, 6),
(11, 238, 194, 7),
(12, 364, 90, 3),
(13, 233, 49, 4),
(14, 453, 93, 7),
(15, 306, 31, 2),
(16, 399, 65, 5),
(17, 95, 98, 9),
(18, 111, 93, 9),
(19, 206, 11, 6),
(20, 356, 8, 5),
(21, 292, 82, 7),
(22, 140, 102, 9),
(23, 153, 131, 3),
(24, 429, 134, 6),
(25, 75, 66, 3),
(26, 302, 123, 5),
(27, 439, 65, 7),
(28, 114, 82, 3),
(29, 86, 16, 3),
(30, 467, 114, 1),
(31, 49, 113, 1),
(32, 400, 125, 5),
(33, 419, 30, 3),
(34, 399, 173, 5),
(35, 491, 141, 5),
(36, 160, 141, 7),
(37, 419, 35, 10),
(38, 111, 115, 5),
(39, 70, 199, 8),
(40, 256, 174, 10),
(41, 408, 141, 5),
(42, 274, 174, 9),
(43, 241, 45, 8),
(44, 350, 116, 9),
(45, 410, 132, 10),
(46, 43, 43, 8),
(47, 238, 114, 7),
(48, 163, 56, 8),
(49, 57, 192, 6),
(50, 195, 6, 5),
(51, 265, 147, 2),
(52, 89, 23, 6),
(53, 455, 40, 2),
(54, 471, 172, 4),
(55, 485, 65, 3),
(56, 80, 24, 4),
(57, 451, 27, 3),
(58, 416, 108, 4),
(59, 392, 129, 1),
(60, 358, 50, 5),
(61, 214, 79, 2),
(62, 90, 88, 5),
(63, 340, 51, 2),
(64, 303, 79, 6),
(65, 99, 134, 5),
(66, 263, 23, 1),
(67, 458, 63, 1),
(68, 122, 14, 5),
(69, 161, 163, 4),
(70, 425, 111, 2),
(71, 215, 117, 8),
(72, 382, 109, 5),
(73, 323, 78, 10),
(74, 6, 53, 1),
(75, 437, 6, 9),
(76, 432, 198, 6),
(77, 260, 128, 3),
(78, 410, 30, 6),
(79, 320, 112, 4),
(80, 281, 136, 2),
(81, 282, 95, 4),
(82, 386, 176, 4),
(83, 261, 181, 8),
(84, 277, 100, 3),
(85, 259, 59, 9),
(86, 78, 14, 4),
(87, 114, 1, 3),
(88, 340, 50, 2),
(89, 498, 115, 6),
(90, 19, 36, 5),
(91, 314, 75, 2),
(92, 337, 111, 7),
(93, 240, 177, 3),
(94, 108, 199, 5),
(95, 473, 150, 4),
(96, 352, 25, 6),
(97, 291, 9, 2),
(98, 437, 118, 1),
(99, 257, 163, 6),
(100, 35, 49, 5),
(101, 410, 90, 6),
(102, 390, 152, 9),
(103, 98, 85, 1),
(104, 385, 109, 5),
(105, 85, 161, 5),
(106, 372, 196, 7),
(107, 372, 42, 5),
(108, 37, 194, 5),
(109, 444, 37, 9),
(110, 85, 71, 6),
(111, 8, 193, 5),
(112, 94, 77, 6),
(113, 204, 74, 8),
(114, 197, 122, 8),
(115, 148, 24, 5),
(116, 1, 38, 4),
(117, 281, 127, 7),
(118, 493, 175, 5),
(119, 420, 173, 3),
(120, 187, 198, 7),
(121, 233, 183, 10),
(122, 487, 166, 1),
(123, 378, 197, 2),
(124, 335, 85, 3),
(125, 58, 41, 4),
(126, 459, 191, 9),
(127, 407, 175, 9),
(128, 400, 72, 2),
(129, 167, 112, 10),
(130, 400, 181, 5),
(131, 98, 116, 3),
(132, 444, 193, 3),
(133, 95, 107, 2),
(134, 498, 89, 2),
(135, 91, 113, 4),
(136, 388, 37, 2),
(137, 32, 143, 2),
(138, 403, 66, 7),
(139, 142, 84, 8),
(140, 351, 4, 3),
(141, 139, 94, 7),
(142, 377, 53, 6),
(143, 258, 52, 5),
(144, 38, 101, 2),
(145, 45, 140, 8),
(146, 330, 2, 4),
(147, 222, 117, 3),
(148, 82, 31, 4),
(149, 438, 5, 2),
(150, 360, 47, 8),
(151, 353, 150, 6),
(152, 87, 168, 8),
(153, 91, 30, 5),
(154, 58, 178, 8),
(155, 182, 4, 2),
(156, 383, 143, 5),
(157, 251, 86, 9),
(158, 182, 18, 10),
(159, 220, 120, 8),
(160, 194, 108, 2),
(161, 113, 128, 10),
(162, 225, 191, 4),
(163, 183, 171, 8),
(164, 176, 112, 6),
(165, 437, 74, 7),
(166, 38, 156, 8),
(167, 273, 150, 5),
(168, 247, 20, 6),
(169, 23, 190, 8),
(170, 418, 178, 7),
(171, 48, 74, 4),
(172, 304, 86, 4),
(173, 224, 157, 4),
(174, 286, 91, 5),
(175, 438, 66, 9),
(176, 430, 136, 9),
(177, 245, 67, 3),
(178, 157, 163, 3),
(179, 297, 66, 8),
(180, 193, 127, 2),
(181, 146, 114, 10),
(182, 343, 196, 8),
(183, 131, 140, 8),
(184, 407, 49, 7),
(185, 410, 151, 3),
(186, 433, 83, 5),
(187, 462, 45, 6),
(188, 318, 156, 6),
(189, 29, 28, 10),
(190, 62, 131, 1),
(191, 94, 151, 2),
(192, 140, 72, 10),
(193, 213, 172, 8),
(194, 449, 118, 10),
(195, 444, 53, 3),
(196, 182, 124, 7),
(197, 239, 109, 2),
(198, 381, 92, 9),
(199, 141, 120, 2),
(200, 173, 116, 8),
(201, 18, 14, 7),
(202, 7, 177, 9),
(203, 28, 161, 5),
(204, 370, 134, 5),
(205, 117, 163, 3),
(206, 429, 100, 4),
(207, 115, 42, 9),
(208, 342, 125, 4),
(209, 364, 64, 9),
(210, 92, 107, 6),
(211, 312, 183, 9),
(212, 382, 195, 1),
(213, 232, 9, 4),
(214, 277, 13, 7),
(215, 163, 129, 9),
(216, 338, 36, 8),
(217, 365, 21, 6),
(218, 430, 33, 6),
(219, 33, 51, 5),
(220, 337, 133, 7),
(221, 498, 148, 3),
(222, 404, 115, 9),
(223, 319, 21, 2),
(224, 109, 165, 10),
(225, 224, 5, 10),
(226, 39, 176, 8),
(227, 386, 78, 3),
(228, 289, 76, 10),
(229, 218, 145, 4),
(230, 42, 91, 8),
(231, 186, 81, 3),
(232, 239, 136, 8),
(233, 57, 151, 8),
(234, 261, 93, 2),
(235, 288, 168, 3),
(236, 8, 13, 9),
(237, 129, 75, 9),
(238, 66, 20, 2),
(239, 300, 82, 3),
(240, 491, 74, 5),
(241, 234, 112, 5),
(242, 321, 154, 4),
(243, 5, 128, 7),
(244, 164, 152, 7),
(245, 178, 53, 7),
(246, 285, 116, 7),
(247, 197, 95, 1),
(248, 27, 123, 9),
(249, 342, 77, 8),
(250, 322, 28, 6),
(251, 63, 195, 2),
(252, 495, 19, 7),
(253, 449, 200, 7),
(254, 422, 9, 3),
(255, 383, 105, 3),
(256, 229, 30, 2),
(257, 163, 90, 8),
(258, 81, 163, 7),
(259, 137, 6, 5),
(260, 453, 12, 7),
(261, 154, 55, 2),
(262, 78, 57, 4),
(263, 493, 175, 10),
(264, 368, 172, 1),
(265, 26, 62, 6),
(266, 246, 143, 6),
(267, 239, 105, 7),
(268, 119, 187, 7),
(269, 443, 171, 3),
(270, 122, 90, 2),
(271, 326, 12, 7),
(272, 183, 177, 7),
(273, 264, 76, 7),
(274, 379, 135, 10),
(275, 145, 91, 6),
(276, 241, 78, 7),
(277, 294, 42, 7),
(278, 267, 125, 10),
(279, 58, 77, 10),
(280, 386, 86, 4),
(281, 38, 33, 10),
(282, 353, 120, 1),
(283, 157, 179, 8),
(284, 418, 72, 7),
(285, 96, 111, 2),
(286, 482, 77, 8),
(287, 43, 61, 2),
(288, 369, 67, 7),
(289, 421, 65, 3),
(290, 336, 107, 5),
(291, 13, 57, 8),
(292, 115, 73, 3),
(293, 212, 106, 8),
(294, 164, 124, 6),
(295, 13, 5, 6),
(296, 272, 138, 9),
(297, 277, 13, 2),
(298, 332, 118, 1),
(299, 210, 101, 7),
(300, 147, 108, 9),
(301, 430, 46, 5),
(302, 362, 165, 4),
(303, 359, 7, 4),
(304, 418, 91, 7),
(305, 323, 122, 6),
(306, 190, 56, 3),
(307, 14, 155, 4),
(308, 173, 97, 2),
(309, 301, 180, 9),
(310, 29, 6, 3),
(311, 396, 11, 2),
(312, 338, 65, 8),
(313, 351, 153, 9),
(314, 27, 125, 2),
(315, 51, 91, 6),
(316, 129, 72, 8),
(317, 411, 196, 6),
(318, 92, 10, 7),
(319, 348, 166, 4),
(320, 279, 103, 5),
(321, 100, 158, 8),
(322, 234, 156, 6),
(323, 69, 128, 10),
(324, 449, 60, 3),
(325, 456, 106, 4),
(326, 221, 51, 2),
(327, 193, 78, 4),
(328, 412, 135, 9),
(329, 175, 18, 6),
(330, 424, 18, 9),
(331, 151, 36, 5),
(332, 9, 24, 1),
(333, 396, 40, 2),
(334, 237, 101, 1),
(335, 481, 192, 4),
(336, 101, 82, 8),
(337, 293, 38, 9),
(338, 408, 137, 8),
(339, 427, 131, 6),
(340, 177, 94, 7),
(341, 336, 17, 9),
(342, 71, 90, 6),
(343, 394, 14, 4),
(344, 365, 25, 4),
(345, 433, 124, 2),
(346, 212, 161, 3),
(347, 62, 23, 3),
(348, 123, 5, 2),
(349, 87, 184, 3),
(350, 141, 96, 3),
(351, 96, 7, 9),
(352, 183, 79, 8),
(353, 274, 68, 8),
(354, 195, 74, 5),
(355, 472, 9, 4),
(356, 452, 191, 8),
(357, 14, 38, 9),
(358, 176, 95, 10),
(359, 145, 33, 10),
(360, 470, 123, 1),
(361, 430, 170, 2),
(362, 13, 138, 2),
(363, 42, 99, 9),
(364, 85, 190, 4),
(365, 181, 69, 6),
(366, 26, 158, 2),
(367, 379, 186, 10),
(368, 77, 58, 4),
(369, 68, 15, 4),
(370, 143, 149, 7),
(371, 57, 19, 6),
(372, 412, 49, 8),
(373, 169, 58, 8),
(374, 433, 61, 1),
(375, 357, 10, 1),
(376, 69, 52, 7),
(377, 401, 145, 5),
(378, 316, 5, 7),
(379, 493, 158, 7),
(380, 77, 5, 2),
(381, 6, 187, 8),
(382, 160, 44, 7),
(383, 345, 117, 8),
(384, 154, 107, 3),
(385, 456, 16, 5),
(386, 460, 121, 9),
(387, 56, 119, 2),
(388, 492, 56, 2),
(389, 337, 196, 10),
(390, 238, 36, 9),
(391, 451, 69, 6),
(392, 282, 153, 9),
(393, 373, 82, 8),
(394, 362, 146, 3),
(395, 177, 186, 8),
(396, 446, 134, 9),
(397, 34, 152, 5),
(398, 337, 126, 8),
(399, 138, 120, 7),
(400, 202, 29, 8),
(401, 246, 5, 8),
(402, 185, 145, 9),
(403, 10, 150, 9),
(404, 66, 149, 3),
(405, 202, 131, 6),
(406, 490, 59, 4),
(407, 376, 38, 2),
(408, 25, 101, 8),
(409, 103, 7, 3),
(410, 201, 100, 6),
(411, 324, 43, 7),
(412, 144, 88, 5),
(413, 161, 187, 7),
(414, 365, 86, 5),
(415, 499, 183, 5),
(416, 148, 35, 9),
(417, 391, 107, 7),
(418, 469, 33, 5),
(419, 85, 65, 6),
(420, 91, 71, 7),
(421, 386, 185, 2),
(422, 29, 172, 2),
(423, 307, 117, 3),
(424, 272, 177, 9),
(425, 288, 38, 7),
(426, 283, 36, 8),
(427, 256, 167, 4),
(428, 404, 178, 3),
(429, 441, 150, 2),
(430, 180, 165, 6),
(431, 326, 148, 4),
(432, 423, 72, 9),
(433, 470, 10, 10),
(434, 464, 148, 5),
(435, 296, 197, 7),
(436, 294, 43, 8),
(437, 57, 22, 4),
(438, 230, 181, 4),
(439, 134, 165, 2),
(440, 134, 178, 2),
(441, 493, 15, 5),
(442, 141, 143, 2),
(443, 294, 89, 6),
(444, 31, 175, 2),
(445, 439, 161, 3),
(446, 436, 56, 3),
(447, 148, 27, 5),
(448, 342, 176, 7),
(449, 485, 174, 2),
(450, 2, 133, 8),
(451, 37, 144, 9),
(452, 161, 161, 6),
(453, 153, 187, 7),
(454, 474, 198, 3),
(455, 303, 101, 6),
(456, 165, 122, 4),
(457, 362, 138, 9),
(458, 148, 199, 6),
(459, 115, 182, 6),
(460, 413, 192, 5),
(461, 133, 35, 8),
(462, 346, 6, 6),
(463, 16, 142, 3),
(464, 325, 63, 3),
(465, 454, 44, 9),
(466, 276, 48, 5),
(467, 162, 171, 4),
(468, 176, 5, 1),
(469, 318, 6, 6),
(470, 275, 2, 2),
(471, 209, 139, 3),
(472, 214, 135, 9),
(473, 91, 50, 5),
(474, 370, 28, 9),
(475, 174, 192, 9),
(476, 66, 96, 7),
(477, 223, 184, 8),
(478, 346, 117, 8),
(479, 400, 195, 4),
(480, 114, 169, 7),
(481, 224, 137, 9),
(482, 273, 49, 7),
(483, 123, 116, 2),
(484, 11, 66, 2),
(485, 365, 97, 1),
(486, 10, 96, 1),
(487, 207, 147, 9),
(488, 381, 93, 8),
(489, 316, 164, 2),
(490, 396, 186, 1),
(491, 428, 64, 2),
(492, 178, 129, 2),
(493, 383, 39, 7),
(494, 371, 27, 5),
(495, 488, 145, 5),
(496, 491, 16, 10),
(497, 331, 143, 9),
(498, 468, 35, 7),
(499, 453, 5, 9),
(500, 303, 172, 6),
(501, 492, 132, 7),
(502, 489, 138, 3),
(503, 227, 194, 5),
(504, 272, 175, 8),
(505, 238, 149, 7),
(506, 87, 129, 6),
(507, 307, 45, 7),
(508, 329, 91, 3),
(509, 36, 55, 7),
(510, 490, 194, 6),
(511, 93, 197, 8),
(512, 216, 165, 7),
(513, 156, 55, 1),
(514, 42, 199, 2),
(515, 456, 194, 2),
(516, 321, 174, 7),
(517, 167, 181, 6),
(518, 300, 49, 4),
(519, 76, 53, 5),
(520, 287, 195, 10),
(521, 105, 184, 9),
(522, 302, 77, 2),
(523, 67, 26, 10),
(524, 234, 37, 4),
(525, 494, 4, 2),
(526, 23, 134, 6),
(527, 469, 82, 1),
(528, 320, 143, 9),
(529, 228, 164, 8),
(530, 182, 146, 5),
(531, 400, 157, 3),
(532, 142, 87, 4),
(533, 470, 35, 5),
(534, 244, 63, 1),
(535, 308, 148, 2),
(536, 220, 68, 3),
(537, 126, 180, 9),
(538, 246, 180, 7),
(539, 117, 176, 5),
(540, 450, 114, 8),
(541, 487, 172, 3),
(542, 306, 156, 6),
(543, 117, 98, 10),
(544, 24, 107, 3),
(545, 221, 148, 6),
(546, 87, 28, 9),
(547, 393, 170, 10),
(548, 257, 140, 7),
(549, 10, 140, 8),
(550, 170, 154, 7),
(551, 135, 59, 6),
(552, 354, 119, 6),
(553, 11, 101, 9),
(554, 110, 169, 4),
(555, 243, 192, 6),
(556, 384, 104, 2),
(557, 179, 54, 3),
(558, 99, 29, 4),
(559, 18, 171, 2),
(560, 171, 46, 6),
(561, 259, 55, 1),
(562, 467, 173, 5),
(563, 309, 90, 7),
(564, 226, 116, 1),
(565, 168, 111, 3),
(566, 136, 8, 3),
(567, 498, 16, 10),
(568, 400, 58, 2),
(569, 382, 105, 8),
(570, 191, 115, 4),
(571, 376, 196, 1),
(572, 79, 116, 7),
(573, 347, 58, 8),
(574, 436, 131, 6),
(575, 76, 67, 4),
(576, 81, 30, 8),
(577, 35, 160, 3),
(578, 474, 25, 8),
(579, 429, 110, 5),
(580, 356, 118, 6),
(581, 341, 165, 4),
(582, 159, 162, 6),
(583, 246, 155, 3),
(584, 426, 186, 2),
(585, 208, 12, 10),
(586, 130, 101, 9),
(587, 443, 87, 1),
(588, 349, 138, 7),
(589, 57, 97, 7),
(590, 166, 82, 7),
(591, 478, 31, 4),
(592, 54, 66, 4),
(593, 49, 191, 5),
(594, 132, 45, 9),
(595, 270, 123, 9),
(596, 216, 138, 9),
(597, 221, 164, 6),
(598, 28, 124, 2),
(599, 184, 50, 8),
(600, 152, 184, 3),
(601, 442, 67, 8),
(602, 467, 103, 9),
(603, 226, 29, 7),
(604, 280, 159, 9),
(605, 128, 48, 9),
(606, 216, 24, 1),
(607, 233, 19, 2),
(608, 41, 195, 4),
(609, 181, 184, 1),
(610, 493, 18, 2),
(611, 4, 103, 7),
(612, 396, 5, 3),
(613, 434, 104, 6),
(614, 278, 19, 8),
(615, 30, 46, 5),
(616, 34, 128, 9),
(617, 10, 195, 1),
(618, 6, 178, 9),
(619, 241, 102, 2),
(620, 230, 123, 4),
(621, 201, 103, 6),
(622, 492, 200, 8),
(623, 457, 75, 8),
(624, 50, 46, 10),
(625, 13, 67, 7),
(626, 224, 178, 7),
(627, 53, 89, 7),
(628, 7, 200, 9),
(629, 317, 168, 8),
(630, 191, 92, 4),
(631, 416, 159, 9),
(632, 214, 134, 8),
(633, 316, 83, 4),
(634, 45, 21, 8),
(635, 40, 156, 7),
(636, 332, 146, 2),
(637, 376, 164, 10),
(638, 319, 146, 4),
(639, 108, 111, 9),
(640, 177, 17, 10),
(641, 194, 148, 2),
(642, 281, 15, 10),
(643, 461, 164, 3),
(644, 377, 93, 3),
(645, 288, 163, 9),
(646, 318, 191, 10),
(647, 266, 66, 3),
(648, 468, 53, 9),
(649, 173, 115, 9),
(650, 176, 119, 4),
(651, 311, 35, 2),
(652, 33, 70, 3),
(653, 428, 34, 7),
(654, 375, 109, 3),
(655, 124, 67, 2),
(656, 405, 187, 9),
(657, 27, 79, 8),
(658, 21, 140, 10),
(659, 9, 193, 2),
(660, 75, 36, 4),
(661, 23, 60, 6),
(662, 269, 104, 5),
(663, 250, 158, 3),
(664, 456, 28, 7),
(665, 485, 107, 2),
(666, 16, 159, 7),
(667, 189, 154, 10),
(668, 284, 74, 6),
(669, 443, 192, 2),
(670, 380, 69, 7),
(671, 380, 191, 5),
(672, 459, 32, 6),
(673, 483, 190, 4),
(674, 102, 155, 4),
(675, 156, 157, 1),
(676, 159, 89, 3),
(677, 400, 134, 1),
(678, 301, 133, 4),
(679, 290, 54, 8),
(680, 88, 25, 3),
(681, 34, 165, 6),
(682, 431, 4, 6),
(683, 87, 87, 8),
(684, 134, 6, 5),
(685, 199, 170, 9),
(686, 139, 181, 6),
(687, 497, 165, 5),
(688, 461, 177, 4),
(689, 199, 69, 3),
(690, 316, 141, 4),
(691, 158, 59, 6),
(692, 219, 114, 9),
(693, 99, 160, 6),
(694, 237, 152, 1),
(695, 306, 55, 3),
(696, 225, 98, 5),
(697, 205, 10, 8),
(698, 88, 35, 7),
(699, 83, 31, 8),
(700, 85, 128, 2),
(701, 246, 21, 9),
(702, 62, 33, 2),
(703, 336, 175, 8),
(704, 395, 200, 9),
(705, 24, 7, 6),
(706, 101, 168, 9),
(707, 117, 22, 8),
(708, 102, 133, 10),
(709, 119, 82, 4),
(710, 303, 119, 3),
(711, 359, 192, 4),
(712, 336, 100, 5),
(713, 143, 137, 9),
(714, 249, 187, 3),
(715, 61, 126, 5),
(716, 415, 88, 5),
(717, 275, 98, 5),
(718, 155, 159, 6),
(719, 132, 157, 6),
(720, 207, 73, 3),
(721, 173, 130, 5),
(722, 365, 113, 8),
(723, 398, 116, 1),
(724, 60, 187, 7),
(725, 171, 122, 5),
(726, 220, 105, 7),
(727, 81, 29, 9),
(728, 62, 179, 7),
(729, 42, 7, 4),
(730, 150, 137, 3),
(731, 86, 39, 5),
(732, 16, 48, 3),
(733, 382, 53, 4),
(734, 436, 77, 2),
(735, 300, 93, 9),
(736, 156, 131, 9),
(737, 243, 154, 10),
(738, 29, 102, 4),
(739, 235, 43, 2),
(740, 340, 186, 2),
(741, 53, 145, 10),
(742, 375, 128, 1),
(743, 329, 52, 9),
(744, 450, 7, 5),
(745, 167, 87, 5),
(746, 97, 150, 8),
(747, 334, 27, 5),
(748, 298, 70, 2),
(749, 178, 184, 6),
(750, 337, 23, 7),
(751, 295, 161, 5),
(752, 83, 97, 9),
(753, 487, 42, 3),
(754, 41, 95, 9),
(755, 119, 73, 6),
(756, 262, 163, 3),
(757, 198, 74, 3),
(758, 322, 118, 5),
(759, 60, 82, 3),
(760, 70, 189, 3),
(761, 393, 106, 6),
(762, 147, 98, 10),
(763, 172, 125, 2),
(764, 450, 88, 3),
(765, 41, 74, 3),
(766, 137, 181, 7),
(767, 89, 49, 3),
(768, 132, 158, 1),
(769, 282, 39, 6),
(770, 7, 27, 7),
(771, 45, 52, 2),
(772, 488, 140, 7),
(773, 269, 16, 1),
(774, 362, 7, 2),
(775, 411, 172, 9),
(776, 67, 84, 5),
(777, 276, 69, 6),
(778, 393, 98, 6),
(779, 484, 51, 10),
(780, 362, 154, 3),
(781, 266, 77, 5),
(782, 290, 131, 5),
(783, 148, 103, 1),
(784, 146, 22, 6),
(785, 431, 194, 2),
(786, 5, 99, 2),
(787, 130, 83, 2),
(788, 232, 16, 9),
(789, 354, 135, 6),
(790, 247, 179, 7),
(791, 48, 121, 3),
(792, 378, 82, 2),
(793, 229, 177, 6),
(794, 39, 75, 9),
(795, 216, 5, 8),
(796, 473, 132, 3),
(797, 261, 62, 2),
(798, 141, 69, 1),
(799, 463, 15, 1),
(800, 305, 171, 5),
(801, 245, 105, 7),
(802, 496, 120, 3),
(803, 300, 20, 6),
(804, 272, 122, 8),
(805, 26, 104, 1),
(806, 245, 125, 9),
(807, 151, 62, 2),
(808, 18, 122, 2),
(809, 227, 46, 9),
(810, 39, 147, 7),
(811, 346, 176, 8),
(812, 423, 171, 8),
(813, 270, 61, 6),
(814, 77, 44, 9),
(815, 89, 92, 7),
(816, 418, 29, 7),
(817, 450, 155, 5),
(818, 226, 62, 4),
(819, 437, 44, 9),
(820, 390, 21, 2),
(821, 184, 177, 2),
(822, 328, 110, 7),
(823, 455, 77, 1),
(824, 421, 72, 9),
(825, 88, 67, 2),
(826, 343, 107, 6),
(827, 460, 192, 10),
(828, 358, 100, 7),
(829, 445, 81, 7),
(830, 80, 94, 8),
(831, 405, 67, 6),
(832, 294, 135, 7),
(833, 24, 164, 7),
(834, 342, 48, 4),
(835, 192, 135, 4),
(836, 236, 94, 7),
(837, 438, 18, 9),
(838, 454, 179, 2),
(839, 83, 4, 5),
(840, 172, 197, 9),
(841, 393, 133, 2),
(842, 210, 12, 6),
(843, 162, 164, 9),
(844, 431, 55, 6),
(845, 174, 68, 5),
(846, 40, 78, 3),
(847, 288, 72, 2),
(848, 46, 41, 4),
(849, 229, 66, 5),
(850, 481, 83, 7),
(851, 22, 37, 4),
(852, 42, 178, 6),
(853, 127, 165, 5),
(854, 19, 118, 6),
(855, 20, 98, 10),
(856, 361, 136, 6),
(857, 91, 103, 3),
(858, 68, 167, 4),
(859, 229, 173, 9),
(860, 282, 40, 6),
(861, 340, 50, 3),
(862, 193, 95, 1),
(863, 371, 159, 2),
(864, 7, 83, 4),
(865, 405, 31, 10),
(866, 33, 57, 4),
(867, 420, 114, 4),
(868, 435, 128, 9),
(869, 307, 36, 6),
(870, 26, 69, 4),
(871, 319, 39, 9),
(872, 242, 156, 7),
(873, 188, 110, 7),
(874, 219, 29, 6),
(875, 45, 119, 5),
(876, 350, 21, 7),
(877, 377, 173, 9),
(878, 169, 58, 6),
(879, 234, 120, 6),
(880, 139, 3, 2),
(881, 77, 171, 2),
(882, 261, 27, 2),
(883, 331, 125, 2),
(884, 32, 135, 4),
(885, 427, 115, 6),
(886, 6, 123, 3),
(887, 115, 161, 2),
(888, 7, 140, 8),
(889, 19, 125, 9),
(890, 349, 82, 3),
(891, 19, 50, 1),
(892, 128, 6, 4),
(893, 414, 86, 8),
(894, 72, 5, 4),
(895, 453, 109, 8),
(896, 325, 176, 3),
(897, 238, 13, 3),
(898, 489, 117, 9),
(899, 426, 41, 8),
(900, 56, 43, 4),
(901, 75, 64, 4),
(902, 386, 65, 5),
(903, 7, 69, 1),
(904, 258, 67, 6),
(905, 238, 143, 5),
(906, 251, 34, 5),
(907, 224, 147, 3),
(908, 321, 19, 4),
(909, 437, 33, 9),
(910, 229, 74, 7),
(911, 459, 74, 7),
(912, 449, 82, 8),
(913, 407, 36, 5),
(914, 83, 181, 6),
(915, 129, 57, 4),
(916, 119, 167, 7),
(917, 152, 34, 6),
(918, 131, 66, 6),
(919, 33, 53, 3),
(920, 133, 91, 7),
(921, 342, 77, 7),
(922, 357, 144, 5),
(923, 437, 113, 8),
(924, 409, 33, 8),
(925, 214, 51, 1),
(926, 483, 114, 7),
(927, 107, 39, 2),
(928, 280, 61, 3),
(929, 313, 142, 9),
(930, 426, 71, 5),
(931, 208, 168, 7),
(932, 246, 34, 9),
(933, 154, 54, 1),
(934, 220, 126, 3),
(935, 363, 33, 2),
(936, 448, 171, 3),
(937, 15, 135, 3),
(938, 333, 83, 3),
(939, 326, 89, 6),
(940, 40, 197, 3),
(941, 166, 11, 3),
(942, 366, 91, 5),
(943, 89, 93, 7),
(944, 263, 21, 3),
(945, 261, 75, 9),
(946, 178, 59, 10),
(947, 257, 21, 8),
(948, 23, 104, 5),
(949, 330, 27, 6),
(950, 77, 120, 8),
(951, 73, 17, 7),
(952, 288, 28, 6),
(953, 169, 165, 2),
(954, 41, 26, 9),
(955, 249, 147, 8),
(956, 88, 169, 9),
(957, 135, 196, 9),
(958, 212, 116, 5),
(959, 251, 79, 4),
(960, 161, 3, 8),
(961, 290, 86, 2),
(962, 65, 125, 9),
(963, 368, 168, 8),
(964, 172, 50, 7),
(965, 331, 78, 3),
(966, 143, 43, 1),
(967, 192, 70, 7),
(968, 438, 159, 7),
(969, 110, 47, 1),
(970, 372, 115, 7),
(971, 360, 91, 10),
(972, 309, 189, 2),
(973, 205, 182, 10),
(974, 22, 103, 2),
(975, 351, 36, 7),
(976, 13, 87, 4),
(977, 262, 45, 10),
(978, 254, 75, 9),
(979, 190, 58, 6),
(980, 23, 35, 6),
(981, 57, 121, 4),
(982, 387, 94, 2),
(983, 80, 83, 10),
(984, 482, 126, 3),
(985, 300, 157, 3),
(986, 170, 19, 6),
(987, 105, 138, 9),
(988, 103, 30, 7),
(989, 206, 39, 8),
(990, 474, 29, 1),
(991, 303, 135, 9),
(992, 68, 154, 8),
(993, 63, 83, 2),
(994, 119, 151, 9),
(995, 9, 65, 8),
(996, 141, 198, 1),
(997, 153, 173, 2),
(998, 283, 51, 2),
(999, 270, 57, 4),
(1000, 307, 75, 4);

--
-- Indexes for dumped tables
--

--
-- Indexes for table `customers`
--
ALTER TABLE `customers`
  ADD PRIMARY KEY (`customer_id`);

--
-- Indexes for table `delivery_routes`
--
ALTER TABLE `delivery_routes`
  ADD PRIMARY KEY (`delivery_postcode`);

--
-- Indexes for table `former_customers`
--
ALTER TABLE `former_customers`
  ADD PRIMARY KEY (`former_customer_id`);

--
-- Indexes for table `items`
--
ALTER TABLE `items`
  ADD PRIMARY KEY (`item_id`);

--
-- Indexes for table `item_categories`
--
ALTER TABLE `item_categories`
  ADD PRIMARY KEY (`category_id`);

--
-- Indexes for table `item_history`
--
ALTER TABLE `item_history`
  ADD PRIMARY KEY (`item_history_id`);

--
-- Indexes for table `orders_for_delivery`
--
ALTER TABLE `orders_for_delivery`
  ADD PRIMARY KEY (`order_id`);

--
-- Indexes for table `order_items`
--
ALTER TABLE `order_items`
  ADD PRIMARY KEY (`order_item_id`);

--
-- AUTO_INCREMENT for dumped tables
--

--
-- AUTO_INCREMENT for table `customers`
--
ALTER TABLE `customers`
  MODIFY `customer_id` int(11) NOT NULL AUTO_INCREMENT, AUTO_INCREMENT=501;

--
-- AUTO_INCREMENT for table `former_customers`
--
ALTER TABLE `former_customers`
  MODIFY `former_customer_id` int(11) NOT NULL AUTO_INCREMENT, AUTO_INCREMENT=2;

--
-- AUTO_INCREMENT for table `items`
--
ALTER TABLE `items`
  MODIFY `item_id` int(11) NOT NULL AUTO_INCREMENT, AUTO_INCREMENT=201;

--
-- AUTO_INCREMENT for table `item_categories`
--
ALTER TABLE `item_categories`
  MODIFY `category_id` int(11) NOT NULL AUTO_INCREMENT, AUTO_INCREMENT=33;

--
-- AUTO_INCREMENT for table `item_history`
--
ALTER TABLE `item_history`
  MODIFY `item_history_id` int(11) NOT NULL AUTO_INCREMENT, AUTO_INCREMENT=5;

--
-- AUTO_INCREMENT for table `orders_for_delivery`
--
ALTER TABLE `orders_for_delivery`
  MODIFY `order_id` int(11) NOT NULL AUTO_INCREMENT, AUTO_INCREMENT=1001;

--
-- AUTO_INCREMENT for table `order_items`
--
ALTER TABLE `order_items`
  MODIFY `order_item_id` int(11) NOT NULL AUTO_INCREMENT, AUTO_INCREMENT=1001;
COMMIT;

/*!40101 SET CHARACTER_SET_CLIENT=@OLD_CHARACTER_SET_CLIENT */;
/*!40101 SET CHARACTER_SET_RESULTS=@OLD_CHARACTER_SET_RESULTS */;
/*!40101 SET COLLATION_CONNECTION=@OLD_COLLATION_CONNECTION */;
